rank,uri,artist_names,track_name,source,peak_rank,previous_rank,weeks_on_chart,streams
1,"spotify:track:0DWdj2oZMBFSzRsi2Cvfzf","KAROL G, Shakira","TQG","BICHOTA RECORDS / INTERSCOPE RECORDS / UNIVERSAL MUSIC LATINO",1,1,6,"2666283"
2,"spotify:track:609E1JCInJncactoMmkDon","ROSALÍA, Rauw Alejandro","BESO","Columbia Records/Duars Entertainment/Sony Music Latin",2,6,2,"2196963"
3,"spotify:track:4FAKtPVycI4DxoOHC01YqD","Yandel, Feid","Yandel 150","La Leyenda LLC",1,2,15,"2142417"
4,"spotify:track:6sOSd3PYqy3UnSXF5r0MvN","El Jordan 23, Big Cvyu","SHERATON","Rimas Entertainment México S.A. de C.V",2,3,6,"2015040"
5,"spotify:track:5iaGRmDzm4aPhttaOEK8OD","Jere Klein, Fran C","Donde?","Jere Klein",5,8,5,"1891155"
7,"spotify:track:4NoOME4Dhf4xgxbHDT7VGe","KAROL G, Romeo Santos","X SI VOLVEMOS","BICHOTA RECORDS / INTERSCOPE RECORDS / UNIVERSAL MUSIC LATINO",2,5,9,"1728412"
8,"spotify:track:6YNzvCsLwAJ4xZjdK9qk3r","Jairo Vera, Nickoog Clk, Gino Mella, Balbi El Chamako, Bayron Fire, Bayriton, Tommy Boysen, Gringuitos Records, El Rey","Te Extraño a Lo Vio (feat. Balbi El Chamako, Bayron Fire, Bayriton, Tommy Boysen, Gringuitos Records, El Rey) - Remix","WM Chile",7,10,8,"1598931"
9,"spotify:track:1zsPaEkglFvxjAhrM8yhpr","Ozuna, Feid","Hey Mor","Aura Music Corp.",1,9,26,"1581272"
10,"spotify:track:447CO62bX92cmh13R0DAnk","Jere Klein","Ya No Pienso en Ti","Jere Klein",10,16,9,"1457984"
11,"spotify:track:0PB0O24JqAuNdOAFVJljMS","Eladio Carrion, Bad Bunny","Coco Chanel","Rimas Entertainment LLC",4,4,3,"1420934"
12,"spotify:track:72d8QGh77awoqnxiAOFRMI","Gino Mella, Best","TE EXO DE MENOS :(","WM Chile",11,11,6,"1337400"
13,"spotify:track:3eqCJfgJJs8iKx49KO12s3","Feid","REMIX EXCLUSIVO","UMLE - Latino",13,31,3,"1327881"
14,"spotify:track:2CeKVsFFXG4QzA415QygGb","Feid","Feliz Cumpleaños Ferxxo","UMLE - Latino",7,13,33,"1305741"
15,"spotify:track:6otePxalBK8AVa20xhZYVQ","KAROL G","MIENTRAS ME CURO DEL CORA","BICHOTA RECORDS / INTERSCOPE RECORDS / UNIVERSAL MUSIC LATINO",7,14,6,"1243952"
16,"spotify:track:5MxnvIBS4UMUpbZUKQsuNA","Marcianeke, Jere Klein, Gold Music","Muñeca","El Valle de los Reyes",11,21,17,"1218676"
17,"spotify:track:6XSqqQIy7Lm7SnwxS4NrGx","Feid, Young Miko","CLASSY 101","UMLE - Latino",17,-1,1,"1210115"
18,"spotify:track:7MVIfkyzuUmQ716j8U7yGR","Milo j, Taiu","Rara Vez","Universal Music Argentina S.A.",18,20,7,"1186578"
19,"spotify:track:3tt9i3Hhzq84dPS8H7iSiJ","Manuel Turizo","La Bachata","Sony Music Latin/La Industria",1,19,41,"1172548"
20,"spotify:track:04ndZkbKGthTgYSv3xS7en","TINI","Cupido","5020 Records",14,17,7,"1159748"
21,"spotify:track:0CYTGMBYkwUxrj1MWDLrC5","Feid","CHORRITO PA LAS ANIMAS","UMLE - Latino",16,22,18,"1103598"
22,"spotify:track:4nrPB8O7Y7wsOCJdgXkthe","Bizarrap, Shakira","Shakira: Bzrp Music Sessions, Vol. 53","DALE PLAY Records",1,18,13,"1099037"
23,"spotify:track:7Am9Us7Lub64dgaJ3jCeL7","Jairo Vera, Best","Con Puras de 25","WM Chile",12,24,10,"1092366"
24,"spotify:track:3th0luN7pe8n10lHJDIDkg","Jere Klein","Ram","Jere Klein",16,30,5,"1090642"
25,"spotify:track:0zvrARWIZQD5M4WWH8mhsX","Nickoog Clk, ITHAN NY, Lucky Brown, Izahn","Glocko","Nickoog CLK under exclusive license of UnitedMasters LLC",25,44,7,"1073006"
26,"spotify:track:7wGy7XfvDC7PRNtMQkHVuN","Jere Klein, Lucky Brown","Mandame Tu Ubi","Jere Klein",6,29,18,"1070716"
27,"spotify:track:0T2pB7P1VdXPhLdQZ488uH","Feid","Normal","UMLE - Latino",21,23,39,"1063593"
28,"spotify:track:36ys9pBrC5SLAADHsbsDVF","Jere Klein, ITHAN NY","Los Diablotes","Jere Klein",8,27,13,"1058690"
29,"spotify:track:3XjvMZqm2AQ8thMCD6w9w2","Anuel AA, Mambo Kingz, DJ Luian","Mas Rica Que Ayer","Real Hasta La Muerte, LLC & Hear This Music, LLC",10,15,5,"1047381"
30,"spotify:track:0NO2zL0kw8sGGnaMvHKAZF","Cris Mj, Duki, Nicki Nicole, Standly, Stars Music Chile","Marisola - Remix","Virgin Music Chile",2,26,16,"1030523"
31,"spotify:track:7cQ0LAxT5HHCLGbxcjaxac","Bizarrap, Arcángel","Arcángel: Bzrp Music Sessions, Vol. 54","DALE PLAY Records",12,12,3,"1024214"
32,"spotify:track:66vWfpNGNT4y6nPdW5WMtj","Pailita, Cris Mj, Young Cister","Llámame Bebé","2022 Rimas Entertainment México S.A. de C.V",1,28,15,"1015291"
33,"spotify:track:1DmPVoJJgSAMHEMamRV4DH","Jairo Vera","PA K TE ENAMORE","WM Chile",25,33,16,"1013684"
34,"spotify:track:1DxEbt6OSbrkRthk6pjZue","LiL CaKe, Migrantes, Nico Valdi","MERCHO","Sony Music Argentina",24,25,10,"1008013"
35,"spotify:track:24Jam2dilbARAWyR6K1L8v","Jere Klein","6.5","Jere Klein",31,39,5,"968060"
36,"spotify:track:7iBFkn9NTeNW9jfwiCzF39","Balbi El Chamako, Jere Klein","Ese Corte","Balbi El Chamako",10,36,18,"936328"
37,"spotify:track:2mnXxnrX5vCGolNkaFvVeM","Arcángel, Bad Bunny","La Jumpa","Rimas Entertainment LLC.",3,34,19,"911567"
38,"spotify:track:6ECKufSE72CsQUb3PRNYmq","Lucky Brown, Jere Klein, Valdi","Vengo De La Brea","Lucky Brown",38,43,6,"910122"
39,"spotify:track:5r7eJOBw5Yqik0efMbC3Eq","Gino Mella, Jairo Vera","Mujeriego","WM Chile",39,54,17,"895823"
40,"spotify:track:5zRPfjD3qUsog7tAcAMpWr","Yong Bryel, Jere Klein, El BAI","Los Rockstars","Yong Bryel",40,48,9,"879277"
41,"spotify:track:6OsU20ogLqpSbNGAbMY9se","Jairo Vera","Lealtad","WM Chile",28,38,12,"874768"
42,"spotify:track:16dUQ4quIHDe4ZZ0wF1EMN","KAROL G, Ovy On The Drums","CAIRO","BICHOTA RECORDS / INTERSCOPE RECORDS / UNIVERSAL MUSIC LATINO",11,37,21,"867714"
43,"spotify:track:3HqcNJdZ2seoGxhn0wVNDK","KAROL G","PROVENZA","BICHOTA RECORDS / INTERSCOPE RECORDS / UNIVERSAL MUSIC LATINO",8,40,50,"863373"
44,"spotify:track:2tTmW7RDtMQtBk7m2rYeSw","Bizarrap, Quevedo","Quevedo: Bzrp Music Sessions, Vol. 52","DALE PLAY Records",1,41,40,"849408"
45,"spotify:track:4VOTF9Cnw0paixB9X0KUMh","Pablo Chill-E, Duki","Minimo Esfuerzo (feat. Duki)","G*STARR ENT",45,145,2,"835850"
46,"spotify:track:4WiQA1AGWHFvaxBU6bHghs","Quevedo","PUNTO G","Quevedo",13,35,22,"831512"
47,"spotify:track:3FUihj0FmpYI4v3SbBVVfl","Pailita, De La Ghetto","Si Tu Supieras","2023 Rimas Entertainment México S.A. de C.V",47,-1,1,"812934"
48,"spotify:track:5uq1p5tvZhSTRpZZTwuQPj","Harry Nach, Cris Mj, Pablo Chill-E, Polimá Westcoast, Aqua VS, Tom fomt, Kreamly, Nikxz","LOKOTRON REMIX","Only Perk",7,49,16,"796972"
49,"spotify:track:0Iozrbed8spxoBnmtBMshO","Quevedo","WANDA","Quevedo",35,50,11,"775628"
50,"spotify:track:2UW7JaomAMuX9pZrjVpHAU","Yng Lvcas, Peso Pluma","La Bebe - Remix","WM Mexico",42,42,2,"765413"
51,"spotify:track:0eD8HwEktgTG5ZOeUxyCUx","Jairo Vera, Darkiel, Gino Mella","HABLA","WM Chile",51,-1,1,"745396"
52,"spotify:track:6Sq7ltF9Qa7SNFBsV5Cogx","Bad Bunny, Chencho Corleone","Me Porto Bonito","Rimas Entertainment LLC",1,51,48,"738629"
53,"spotify:track:0pVFw0LHdpjAWI2xwoUXQZ","Jairo Vera, Darkiel, Gino Mella, Best, Bayriton","ADICTO (feat. Best, Bayriton)","WM Chile",22,53,27,"722518"
54,"spotify:track:5jt25aFjW2kNoBqaEVaz5W","Mora, Feid","LA INOCENTE","Rimas Entertainment LLC",28,55,53,"714915"
55,"spotify:track:1O2pcBJGej0pmH2Y9XZMs6","Cris Mj","Una Noche en Medellín","Sonar LLC.",1,52,63,"710274"
56,"spotify:track:5q86iSKkBtOoNkdgEDY5WV","Quevedo","VISTA AL MAR","Quevedo",6,45,30,"693521"
57,"spotify:track:54ELExv56KCAB4UP9cOCzC","Ñengo Flow, Bad Bunny","Gato de Noche","Rimas Entertainment LLC",5,46,15,"682402"
58,"spotify:track:3qXZqXGniqNt3PK2CBSZgM","Eladio Carrion, Myke Towers","Si La Calle Llama - Remix","Rimas Entertainment LLC",43,47,3,"675039"
59,"spotify:track:3Ua0m0YmEjrMi9XErKcNiR","Jimin","Like Crazy","BIGHIT MUSIC",59,61,2,"667109"
60,"spotify:track:4DHcnVTT87F0zZhRPYmZ3B","Miley Cyrus","Flowers","Columbia",5,56,12,"662958"
61,"spotify:track:3k3NWokhRRkEPhCzPmV8TW","Bad Bunny, Bomba Estéreo","Ojitos Lindos","Rimas Entertainment LLC",1,58,48,"657627"
62,"spotify:track:79Ias0x3ygL9ZQcQ7rAvbG","FloyyMenor","pa la europa","FloyyMenor under exclusive license to UnitedMasters LLC",62,75,4,"644396"
63,"spotify:track:5Eax0qFko2dh7Rl2lYs3bx","Bad Bunny","Efecto","Rimas Entertainment LLC",2,62,48,"620093"
64,"spotify:track:4gWqIR7bGRk9oLoYRgSUKN","Pailita","Parcera","2022 Rimas Entertainment México S.A. de C.V",5,60,27,"603952"
65,"spotify:track:1CtTPDF2C68dorPvn7S8oR","Noriel, Pailita","Be Con Be","WM Mexico",30,32,5,"586231"
66,"spotify:track:1dw7qShk971xMD6r6mA4VN","KAROL G, Quevedo","PERO TÚ","BICHOTA RECORDS / INTERSCOPE RECORDS / UNIVERSAL MUSIC LATINO",26,59,6,"585435"
67,"spotify:track:1aUq8rjW1EwkAkMri4VfJy","Rauw Alejandro, Lyanno, Brray","LOKERA","Sony Music Latin/Duars Entertainment",11,64,36,"565470"
68,"spotify:track:6Vn1vje8yMw2OY6IOk9dkH","KAROL G, Maldy","GATÚBELA","BICHOTA RECORDS / INTERSCOPE RECORDS / UNIVERSAL MUSIC LATINO",16,63,32,"565096"
69,"spotify:track:0yACM9jtr7uhFL9WwknCYO","Cris Mj, Ak4:20","Sin Seguro","Sonar LLC.",29,70,19,"542575"
70,"spotify:track:6OzUIp8KjuwxJnCWkXp1uL","Wisin & Yandel, ROSALÍA","Besos Moja2","Sony Music Latin",15,68,27,"538131"
71,"spotify:track:62gh30MVB1SeMdwcLc0JSy","Cris Mj","Mi Facha","Sonar LLC.",31,72,10,"532927"
72,"spotify:track:1eIDsKCLwZF6CJK8pOgHX5","BM, Phontana","M.A (Mejores Amigos)","Wesaisons Records",72,74,5,"532578"
73,"spotify:track:7BFa8ACKFI2vvbn6Su16JY","Pailita, El Jordan 23, Noriel, Pablo Chill-E","Na Na Na - Remix","2022 Rimas Entertainment México S.A. de C.V",1,73,25,"525254"
74,"spotify:track:44FzVABpR2cciquTqADA0D","Young Miko","Lisa","The Wave Music Group",69,78,4,"523410"
75,"spotify:track:6Xom58OOXk2SoU711L2IXO","Bad Bunny","Moscow Mule","Rimas Entertainment LLC",1,77,48,"520883"
76,"spotify:track:53tfEupEzQRtVFOeZvk7xq","ROSALÍA","DESPECHÁ","Columbia",7,71,36,"515244"
77,"spotify:track:15r68Um6LBYYBGUEEkqRkB","Stars Music Chile, Cris Mj, Ak4:20","Salió De Noche","Virgin Music Chile",27,66,7,"513670"
78,"spotify:track:2RQsLucjZb02cKkz3s8NZ5","Julianno Sosa, Young Cister","GANAS","Sosa Mafia Records",6,65,33,"512097"
79,"spotify:track:0nE78Bc5Azu5kWum01TmKR","Brytiago, Ak4:20","Ganas de Verte","Business Music",79,-1,1,"510370"
80,"spotify:track:19sodmNrtcRrRHVTnzhtsZ","Cris Mj, Pablo Chill-E","Como Tu Ninguna - Remix","Sonar LLC.",3,69,20,"497947"
81,"spotify:track:51FvjPEGKq2zByeeEQ43V9","Marshmello, Manuel Turizo","El Merengue","Sony Music Latin",65,67,5,"491555"
82,"spotify:track:7FlQk2gJ6TBrHHiidvdR2O","Becky G, KAROL G","MAMIII","Kemosabe Records/RCA Records/Sony Music Latin",2,79,60,"489098"
83,"spotify:track:7oF41tECrpN5kAoHzJhrhA","BRUNO MATEUS","Traketo - Intro Remix","Dos Producciones Music",75,82,5,"485912"
84,"spotify:track:38UYeBLfvpnDSG9GznZdnL","Gorillaz, Bad Bunny","Tormenta (feat. Bad Bunny)","Parlophone UK",11,57,6,"484811"
85,"spotify:track:0u8rZGtXJrLtiSe34FPjGG","Jimin","Like Crazy (English Version)","BIGHIT MUSIC",85,114,2,"484104"
86,"spotify:track:5p3zexHZc07e8ASsMI63Rz","Lucky Brown, Jairo Vera, Valdi","Kilo De Amigas","Lucky Brown",59,98,12,"481754"
87,"spotify:track:4Dvkj6JhhA12EX05fT7y2e","Harry Styles","As It Was","Columbia",11,80,53,"477650"
88,"spotify:track:3riIoSIEMCU45UDaVuc7v2","Pablo Chill-E, King Savagge","Chinese (feat. King Savagge)","G*STARR ENT",88,-1,1,"474700"
89,"spotify:track:4TRlBMj8wXsIfEDgWOPyE2","Feid, Ak4:20, Taiko","Malibu","UMLE - Latino",21,81,21,"459672"
90,"spotify:track:6mmPpaltUZK7xjNlBPQQ0p","Rauw Alejandro, Chencho Corleone","Desesperados","Sony Music Latin/Duars Entertainment",2,86,69,"457417"
91,"spotify:track:6G12ZafqofSq7YtrMqUm76","Shakira, Ozuna","Monotonía","Sony Music Latin",9,85,25,"452153"
93,"spotify:track:1sbNEFiURUYfy024cJX8JG","Feid","Ferxxo 100","UMLE - Latino",65,88,44,"446073"
94,"spotify:track:6wtZPYBIXUvCpXwVjMCJBf","Polimá Westcoast, Feid, Pailita, Paloma Mami, De La Ghetto","ULTRA SOLO REMIX","Sony Music Entertainment Chile S.A",1,94,42,"442751"
95,"spotify:track:3JUpnvc3AEe7elz8YkgV3M","Cris Mj, Blessd","Gucci en Paris","Sonar LLC.",39,93,19,"441701"
96,"spotify:track:31i56LZnwE6uSu3exoHjtB","Bad Bunny","Neverita","Rimas Entertainment LLC",18,92,48,"437275"
97,"spotify:track:1mW1e6QAGPnhMbJoDTCLS3","Maluma, Anuel AA","Diablo, Qué Chimba","Sony Music Latin",89,89,2,"435177"
98,"spotify:track:5i9bTK3gXeVCvua3PH4nwv","Young Cister","LA TERAPIA","Sony Music Entertainment Chile S.A",2,106,40,"431522"
99,"spotify:track:2sgRUvRB8dCGpqxmbOrsMO","Young Cister, Taiko","DEBI LLEVARTE FLORES","Sony Music Entertainment Chile S.A",16,91,16,"430289"
100,"spotify:track:40w8JmvwYUP2HUiXPxjy99","Ak4:20, Pailita, Cris Mj","Me Arrepentí","Ak4:20",1,102,54,"429773"
101,"spotify:track:0ktXF7rBzj9s8DplD4Q6wc","Cris Mj, Fran C","Bellakera","Sonar LLC.",33,109,29,"429092"
102,"spotify:track:2nwa6nS5lXnsvwX48RWkbS","Santaferia, Grupo Zúmbale Primo","Que Te Vaya Bien","Huracán Producciones",57,105,18,"425984"
103,"spotify:track:3Z0l8qwMuC376pcutLVsY8","Myke Towers","AGUARDIENTE","WEA Latina",74,76,4,"423457"
104,"spotify:track:2pR6bipXfJySBhje19SW02","Stars Music Chile, Cris Mj, Standly","Marisola","Virgin Music Chile",1,103,37,"422429"
105,"spotify:track:5yNlgsdQ7LsysOVhxYn5yk","Jairo Vera","Tarima","Jairo Vera",63,112,37,"418414"
106,"spotify:track:59hBR0BCtJsfIbV9VzCVAp","Jimin","Set Me Free Pt.2","BIGHIT MUSIC",83,83,3,"413750"
107,"spotify:track:7w7BrPbOjF5OxChs2dxFve","Big One, Emilia, Callejero Fino","En La Intimidad | CROSSOVER #1","Fifty One",95,95,6,"413712"
108,"spotify:track:4UGqAW9i7NtE5mW9xzm6yk","Rauw Alejandro, Baby Rasta","PUNTO 40","Sony Music Latin/Duars Entertainment",15,99,28,"412435"
109,"spotify:track:3KI4rfS7kRC58Dd4ToY7P3","El Punto40, Marcianeke","Mini Mini","Duetti",17,100,23,"409848"
110,"spotify:track:1rEsfHhBFTuTPekF8M5O3f","TINI","La Triple T","5020 Records",70,101,39,"401796"
111,"spotify:track:2CIx7kjDwTdNNyMuC7sDFM","Pablo Chill-E, Young Cister, Bryartz, Shisosa","Shupano (feat. Young Cister, Bryartz & Shisosa)","G*STARR ENT",111,-1,1,"401184"
112,"spotify:track:1IHWl5LamUGEuP4ozKQSXZ","Bad Bunny","Tití Me Preguntó","Rimas Entertainment LLC",6,111,48,"400741"
113,"spotify:track:2rurDawMfoKP4uHyb2kJBt","Shakira, Rauw Alejandro","Te Felicito","Sony Music Latin",10,107,50,"399458"
114,"spotify:track:2rlFd98SNHktXOpFuocbAN","Jairo Vera, Balbi El Chamako, Nickoog Clk, El Rey, Gringuitos Records","Te Extraño a Lo Vio (feat. El Rey & Gringuitos Records)","WM Chile",18,87,15,"392121"
115,"spotify:track:0Sfn2TYbpQtCGMBf6C0Y6T","Quevedo, Myke Towers","PLAYA DEL INGLÉS","Quevedo",43,108,16,"389576"
116,"spotify:track:4W4fNrZYkobj539TOWsLO2","The Weeknd, Ariana Grande","Die For You (with Ariana Grande) - Remix","XO / Republic Records",50,90,6,"388909"
117,"spotify:track:0zhiOM9XtH1MsLdFMhxIWI","El Rey, Jere Klein","38","Gringuitos Records / Eyey Networks",110,129,17,"388488"
118,"spotify:track:3cubuvfYq2yHijwV7eCHwL","ITHAN NY, Tunechikidd, Nickoog Clk","TU DIABLO","ITHAN NY",4,116,22,"388031"
119,"spotify:track:69Ej1xrGjOcHvIMtMKxK0G","Don Omar","Dile","UMLE - Machete",72,118,124,"386861"
120,"spotify:track:06s3QtMJVXw1AJX3UfvZG1","Anuel AA, Bad Bunny","Hasta Que Dios Diga","2020 Real Hasta La Muerte, LLC",1,119,78,"382077"
121,"spotify:track:6iu7Evq3KjMKFWSQlKQnhW","Marcianeke, El Jordan 23","A Poto Pe","El Valle de los Reyes",121,-1,1,"377993"
122,"spotify:track:3gOI5aQD4mOMLsP3aWrkon","KAROL G","TUS GAFITAS","BICHOTA RECORDS / INTERSCOPE RECORDS / UNIVERSAL MUSIC LATINO",28,97,6,"377131"
123,"spotify:track:4uVEdikP5eLUy8Dq6gjiPV","Rauw Alejandro, Daddy Yankee","PANTIES Y BRASIERES","Sony Music Latin/Duars Entertainment",54,115,10,"376405"
124,"spotify:track:4I4FFtKZLtyqw4he9pPtL7","Lauty Gram","Vida Gangster","Lautygram",118,143,8,"374605"
125,"spotify:track:79euszUrA1kga1kK5PRmDo","JHAYCO","Cuerpecito","N&E Entertainment LLC",125,-1,1,"372745"
126,"spotify:track:6up18iDKks8V7PyNnFMUC6","El Jordan 23","TODOS MIS FLAITES","Rimas Entertainment México S.A. de C.V",104,104,2,"367030"
127,"spotify:track:3KZCP2StVGdWkOKyRZNWA4","Plan B","Es un Secreto","Pina Records",71,133,57,"366599"
128,"spotify:track:7kP9Sq1iSaMc8o7FcWOVZo","Balbi El Chamako, Agus Padilla, Bayriton, Franco ""El Gorilla"", Jere Klein, La Cebolla, Marcianeke","Quiere Lo Mismo Que Yo - Remix","Balbi El Chamako - WhiteBluss Records",92,128,11,"364830"
129,"spotify:track:3dnP0JxCgygwQH9Gm7q7nb","Eslabon Armado, Peso Pluma","Ella Baila Sola","DEL Records",129,-1,1,"363605"
130,"spotify:track:7eTv2OTr3aY5iKtFdBusoA","KAROL G","BESTIES","BICHOTA RECORDS / INTERSCOPE RECORDS / UNIVERSAL MUSIC LATINO",30,110,6,"362588"
131,"spotify:track:3mFNc5EQn30irR983Wg9OD","KAROL G, Bad Gyal, Sean Paul","KÁRMIKA","BICHOTA RECORDS / INTERSCOPE RECORDS / UNIVERSAL MUSIC LATINO",65,117,6,"362087"
132,"spotify:track:3fjN3y5x4hN53rykAN2LHQ","Rels B","cómo dormiste?","DALE PLAY Records / Flakk Team",24,121,35,"360565"
133,"spotify:track:4yPmTUkWmUfLPQLCccp0DR","TINI, La Joaqui, Steve Aoki","Muñecas","5020 Records",72,113,12,"355935"
134,"spotify:track:2JPLbjOn0wPCngEot2STUS","Bad Bunny","Yonaguni","Rimas Entertainment LLC",1,132,96,"351376"
135,"spotify:track:4CVhywni3QwalKLZgwFi58","Milo j","Milagrosa","DALE PLAY Records",135,138,4,"350842"
136,"spotify:track:4lLl2TEcaKFcP6m9Xzx3rI","Pailita, Cris Mj, Big Cvyu","Dime Tú","2024 Rimas Entertainment México S.A. de C.V",4,144,60,"349745"
137,"spotify:track:0kRJ3rwE3rTDJGnGO4HmoD","El Jordan 23, Standly","Bailando","Rimas Entertainment México S.A. de C.V",3,150,60,"344816"
138,"spotify:track:4hxBeVfWIj1NsqJYScSd5C","Polimá Westcoast, Pablo Chill-E","MY BLOOD","Sony Music Entertainment Chile S.A",23,127,63,"344557"
140,"spotify:track:5YJ4BVvTFmVCxUyhKejHfR","Tego Calderón","Pa' Que Retozen","Jiggiri Records, Inc.",82,136,51,"342633"
141,"spotify:track:5bfep56ypsHGIR4i5KPKJN","GUNTTER, HAMLIT SHORTY, Sticks House","Tamagotchi","BZR Music LLC.",119,147,7,"337408"
143,"spotify:track:4m0ypZ1c1l0WulMk3fkVA0","Duki, C.R.O","hARAkiRi","DALE PLAY Records / SSJ Records",143,-1,1,"337231"
144,"spotify:track:0WtM2NBVQNNJLh6scP13H8","Rema, Selena Gomez","Calm Down (with Selena Gomez)","Mavin Records / Jonzing World",84,148,29,"336355"
145,"spotify:track:3E8xyYdIPpiH2wNEozE68I","Standly","Pégate","Standly",1,135,66,"334923"
146,"spotify:track:4eMRhv8upvXUYIEytqTFCT","Pablo Chill-E","Desahogo","G*STARR ENT",146,183,2,"334781"
147,"spotify:track:0b2Kl17RuxNeJTV6JXFMM3","Basty Corvalan, Jere Klein","Por Ti","Basty Corvalan",99,137,17,"332258"
148,"spotify:track:1LiN0Z98FkR1t0m8KmLcAH","Anuel AA, Haze","Amanece","House of Haze",2,140,99,"331475"
149,"spotify:track:6ebo7CQn4ILLGvXRmXHhQz","TINI, Maria Becerra","Miénteme","5020 Records",9,139,101,"328606"
150,"spotify:track:3CNbrXrUrEARw8zeKNCdYo","KAROL G","GUCCI LOS PAÑOS","BICHOTA RECORDS / INTERSCOPE RECORDS / UNIVERSAL MUSIC LATINO",44,124,6,"328217"
151,"spotify:track:4khWEpnaijN0G1x019Uzdr","Morat","No Se Va","Universal Music Spain S.L.",72,131,53,"327366"
152,"spotify:track:5XeFesFbtLpXzIVDNQP22n","Arctic Monkeys","I Wanna Be Yours","Domino Recording Co",97,146,43,"325684"
153,"spotify:track:6odrHMSLjP3aOXC4ipKUC6","Yng Lvcas","La Bebe","Yng Lvcas",81,151,9,"325505"
154,"spotify:track:5qCMJTlteDY9BBpmoQnP0l","Jairo Vera","Mirador","Jairo Vera",102,130,41,"321032"
155,"spotify:track:7tSXVEIJnDJvPCw1iWTuR6","Young Cister, Polimá Westcoast","SAMURAI","Sony Music Entertainment Chile S.A",51,141,16,"319262"
156,"spotify:track:21BoBFBeh49Vrl9DRUsOu8","Nickoog Clk","Salimos Del Tarro","Nickoog CLK under exclusive license to UnitedMasters LLC",20,134,26,"318328"
157,"spotify:track:3PpWCS95gDUDRPko3u1MZ9","Feid","Prohibidox","UMLE - Latino",37,169,29,"317605"
158,"spotify:track:505v13epFXodT9fVAJ6h8k","KAROL G","AMARGURA","BICHOTA RECORDS / INTERSCOPE RECORDS / UNIVERSAL MUSIC LATINO",80,152,6,"316650"
159,"spotify:track:2I3I6fwarx9f5KVDK3Zxyh","Standly, Pailita","¿Dónde Están?","Standly",70,122,6,"315531"
160,"spotify:track:3eUR4NZa2hc8ZulyFYdCv8","Piso 21, Manuel Turizo","Los Cachos","WM Mexico",66,-1,34,"314777"
161,"spotify:track:75Y6kQ0EkTm4P7RJUlYSxW","El Jordan 23","MAMI","Rimas Entertainment México S.A. de C.V",112,154,13,"314692"
162,"spotify:track:0fea68AdmYNygeTGI4RC18","J Balvin, Bad Bunny","LA CANCIÓN","Universal Music Latino / Rimas",5,126,197,"311885"
163,"spotify:track:0kTMK4gNFfLXaTb62w1UaJ","Pablito Pesadilla, Polimá Westcoast, Nickoog Clk, Fran C","BABY OTAKU","Pablito Pesadilla",1,149,33,"309985"
164,"spotify:track:4bycD60yZgR6anIBtmU8UH","KAROL G, Carla Morrison","MAÑANA SERÁ BONITO","BICHOTA RECORDS / INTERSCOPE RECORDS / UNIVERSAL MUSIC LATINO",52,142,6,"304611"
165,"spotify:track:6P3e7ieiYq8ZITkkmW2Uim","Gino Mella, Best","Viviendo El Proceso <3","WM Chile",165,-1,1,"303555"
166,"spotify:track:6jcTvOGVULvYeiRNDNSr5z","J Alvarez","La Pregunta","Universal Music Argentina S.A.",166,179,6,"303301"
167,"spotify:track:0OTNHGKcqQbk51bOYe462Y","Polimá Westcoast, Pailita","ULTRA SOLO","Sony Music Entertainment Chile S.A",1,168,60,"303155"
168,"spotify:track:4Rjq1TZbF0bDstOs6SiI6J","Polimá Westcoast, Quevedo, Mora","LACONE","Sony Music Entertainment Chile S.A",13,156,19,"302898"
169,"spotify:track:1797zYiX4cKosMH836X9Gt","Bad Bunny, Tony Dize","La Corriente","Rimas Entertainment LLC",11,160,48,"299564"
170,"spotify:track:69vlMrzHwATKzupwNcUPyK","Bad Bunny, Daddy Yankee","La Santa","Rimas Entertainment LLC",3,175,162,"298175"
171,"spotify:track:1cZqrdhWL6f3EiY23zpnTe","Pailita, Young Cister","Caminemos de la Mano","2024 Rimas Entertainment México S.A. de C.V",3,153,34,"297720"
172,"spotify:track:1otBTx2rWzwH0UsvyxLAfy","Cris Mj","Paz Mental","Sonar LLC.",6,161,43,"293097"
173,"spotify:track:1gpayq8BQ8Z1AZSCHUeZOC","Ke Personajes, Onda Sabanera","Pobre Corazón - En Vivo","Ke Personajes",173,-1,1,"292298"
174,"spotify:track:41oY4WCTj5kccfesTVFnvN","Bad Bunny, JHAYCO","Tarot","Rimas Entertainment LLC",8,166,48,"291510"
175,"spotify:track:5OYRVKWII0Eog7CjQRnmGf","Myke Towers","MI DROGA","WEA Latina",120,120,2,"289490"
176,"spotify:track:6JIC3hbC28JZKZ8AlAqX8h","Elton John, Dua Lipa, PNAU","Cold Heart - PNAU Remix","EMI",11,171,84,"289045"
177,"spotify:track:2UYtWANJ9fcDqO62Qrb8KP","ITHAN NY, Gino Mella, King Savagge, Best","Cariñosita","ITHAN NY",69,180,11,"288190"
178,"spotify:track:6DoL1yYIwEW7VZMRaJhoJI","Chris Jedi, Anuel AA, Chencho Corleone, Ñengo Flow","La Llevo Al Cielo (Ft. Ñengo Flow)","UMLE - Latino",10,170,46,"288136"
179,"spotify:track:1Qrg8KqiBpW07V7PNxwwwL","SZA","Kill Bill","Top Dawg Entertainment/RCA Records",90,155,13,"287666"
180,"spotify:track:65DBZofI0b79kfHTcWWDuU","Soda Stereo","Trátame Suavemente - Remasterizado 2007","Columbia",148,157,69,"287165"
181,"spotify:track:4tWO6MRXQwmh8nKlWHgBYz","Cris Mj, Tiago PZK","Fiera","Sonar LLC.",1,173,23,"285786"
182,"spotify:track:5dqsBNMcoZdZSkdtAKmaQz","Julianno Sosa, Endo, El Jordan 23, Noiss","PERREA KTM","Sosa Mafia Records",5,177,34,"285688"
183,"spotify:track:0JmnkIqdlnUzPaf8sqBRs3","Kali Uchis","Moonlight","Geffen Records",174,174,2,"285111"
184,"spotify:track:5gflgO9EPbIBf16n5TKnQS","Zion & Lennox","Yo Voy (feat. Daddy Yankee)","Baby Records Inc",48,162,59,"282550"
185,"spotify:track:0mviKTetOiFVp5VxdY6YrI","Yabel, Jere Klein, Marcianeke, los bandidos, Basty Corvalan","Hecha en Cali","BZR Music LLC.",126,178,14,"282167"
186,"spotify:track:6cjXpb4vraCUSSZA7tHtWb","DrefQuila, Kidd Voodoo, DONNER","Tú Me Mientes","WM Chile",159,159,2,"278087"
187,"spotify:track:6ifUES3keWjwXgae8pXI3o","Danny Ocean","Me Rehúso","Atlantic Records",1,172,287,"275295"
188,"spotify:track:1JSTJqkT5qHq8MDJnJbRE1","The Police","Every Breath You Take","Polydor Records",100,182,171,"274944"
189,"spotify:track:69CrOS7vEHIrhC2ILyEi0s","JISOO","FLOWER","YG Entertainment/Interscope Records",189,-1,1,"273718"
190,"spotify:track:4tYFy8ALRjIZvnvSLw5lxN","Bad Bunny, Rauw Alejandro","Party","Rimas Entertainment LLC",7,194,48,"269769"
191,"spotify:track:2o51TovZKl061qALyAzGYo","Jairo Vera","Matemos las Ganas","WM Chile",151,196,7,"266355"
192,"spotify:track:1mLUyF6HVVFRDUYNHzAfCi","Tunechikidd, Jere Klein","Hasta Mañana","Tunechikidd",71,-1,9,"265943"
193,"spotify:track:1iatbSLJGSR9wYz3knoCF2","Martinwhite, Erreflexx","V16","2022 Martinwhite",9,181,37,"263521"
194,"spotify:track:5IlLm20JXhKbMtsH20NblC","Rels B","lo que hay x aquí","DALE PLAY Records / Flakk Team",117,164,4,"262704"
195,"spotify:track:2LBqCSwhJGcFQeTHMVGwy3","The Weeknd","Die For You","Universal Republic Records",161,188,14,"261527"
196,"spotify:track:3HSVuIkPGY4rdtifvEU3xz","Young Cister","Casi Amor De Verano","Sony Music Entertainment Chile S.A",5,-1,58,"259513"
197,"spotify:track:5hMadRUTp4S3ewaJIaI7Qo","Santaferia","EL Gil De Tu Ex","Santaferia",28,192,268,"259084"
198,"spotify:track:4KF2MBeVqVhMhzD6H4qIMs","Pablo Chill-E, Piero47","Verde Y Azul (feat. Piero47)","G*STARR ENT",198,-1,1,"258046"
199,"spotify:track:2FNqnsX74ZlwduUAcnmzee","Daddy Yankee, Zion & Lennox","Tu Príncipe","Craft Latino",108,167,36,"257923"
200,"spotify:track:0aZnyTWJNgdzYoOiaW8HKG","KAROL G","200 COPAS","UMLE - Latino",77,186,68,"257299"
