Fecha;Medio;Posición;Artista;Canción;Género;Nacionalidad
ene-24;Spotify;#¿NOMBRE?;Jere Klein, Nickoog Clk, Lucky Brown, El BAI;PRINCESITA DE ...;;
ene-24;Spotify;#¿NOMBRE?;Cris Mj;Daytona;;
ene-24;Spotify;#¿NOMBRE?;Feid, ATL Jacob;LUNA;;
ene-24;Spotify;#¿NOMBRE?;Jere Klein, Gittobeatz;ANDO;;
ene-24;Spotify;#¿NOMBRE?;Kidd Voodoo, Daiko 02;Minnie <3;;
ene-24;Spotify;#¿NOMBRE?;Jere Klein, Cris Mj;LOCA FARANDULERA;;
ene-24;Spotify;#¿NOMBRE?;Jere Klein, Nicki Nicole;X ESO BB;;
ene-24;Spotify;#¿NOMBRE?;Lucky Brown, Nickoog Clk, Mateo on the Beatz;Ay Parcera;;
ene-24;Spotify;#¿NOMBRE?;Lucky Brown, Jere Klein, Mateo on the Beatz;¿Cuál Es Su Nombre?;;
ene-24;Spotify;#¿NOMBRE?;Kidd Voodoo, Pablo Chill-E, Swift 047;Ese Guille;;
ene-24;Spotify;#¿NOMBRE?;Katteyes, Kidd Voodoo;Tas Texteandome;;
ene-24;Spotify;#¿NOMBRE?;Bizarrap, Young Miko;Young Miko: Bzrp Music Sessions, Vol. 58;;
ene-24;Spotify;#¿NOMBRE?;KAROL G, Peso Pluma;QLONA;;
ene-24;Spotify;#¿NOMBRE?;Myke Towers;LA FALDA;;
ene-24;Spotify;#¿NOMBRE?;Bad Bunny, Feid;PERRO NEGRO;;
ene-24;Spotify;#¿NOMBRE?;Jere Klein, Mateo on the Beatz, EL MURCIELAGO;KE MAL;;
ene-24;Spotify;#¿NOMBRE?;Xavi;La Diabla;;
ene-24;Spotify;#¿NOMBRE?;YSY A, Jere Klein, ONIRIA;24/7 6.5;;
ene-24;Spotify;#¿NOMBRE?;Cris Mj;No Ando Weando;;
ene-24;Spotify;#¿NOMBRE?;Gaby Music, Lunay, Luar La L;No Te Quieren Conmigo;;
ene-24;Spotify;#¿NOMBRE?;Mesita, Nicki Nicole, Tiago PZK, Emilia;Una Foto Remix (feat. Emilia);;
ene-24;Spotify;#¿NOMBRE?;Peso Pluma, Anitta;BELLAKEO;;
ene-24;Spotify;#¿NOMBRE?;Sayian Jimmy, Nysix Music, CamiMusic;Bad Boy;;
ene-24;Spotify;#¿NOMBRE?;Cris Mj;La Noche Está;;
ene-24;Spotify;#¿NOMBRE?;Cris Mj;Partyson;;
ene-24;Spotify;#¿NOMBRE?;Big One, FMK, Ke Personajes;Un Finde | CROSSOVER #2;;
ene-24;Spotify;#¿NOMBRE?;Quevedo;Columbia;;
ene-24;Spotify;#¿NOMBRE?;Gino Mella, Jairo Vera, Best;EL AMOR DE TU VIDA;;
ene-24;Spotify;#¿NOMBRE?;Rauw Alejandro;DILUVIO;;
ene-24;Spotify;#¿NOMBRE?;Myke Towers;LALA;;
ene-24;Spotify;#¿NOMBRE?;Nickoog Clk, Jere Klein;XQ TAN SOLA?;;
ene-24;Spotify;#¿NOMBRE?;Maluma, Carin Leon;Según Quién;;
ene-24;Spotify;#¿NOMBRE?;Lucky Brown, Adan La Amenaza;Privado;;
ene-24;Spotify;#¿NOMBRE?;Jere Klein, Taiko, EL MURCIELAGO;NO SÉ AMAR;;
ene-24;Spotify;#¿NOMBRE?;Darell;Lollipop;;
ene-24;Spotify;#¿NOMBRE?;El Jordan 23, los patos feos inc, Nes;Cabaña;;
ene-24;Spotify;#¿NOMBRE?;Cris Mj, Yan Block;333;;
ene-24;Spotify;#¿NOMBRE?;KAROL G;AMARGURA;;
ene-24;Spotify;#¿NOMBRE?;Nickoog Clk, Gittobeatz;Somos Diferentes;;
ene-24;Spotify;#¿NOMBRE?;Feid, Young Miko;CLASSY 101;;
ene-24;Spotify;#¿NOMBRE?;Anuel AA;Luces Tenues;;
ene-24;Spotify;#¿NOMBRE?;KAROL G;MI EX TENÍA RAZÓN;;
ene-24;Spotify;#¿NOMBRE?;Kali Uchis, Peso Pluma;Igual Que Un Ángel (with Peso Pluma);;
ene-24;Spotify;#¿NOMBRE?;ITHAN NY, Brray, Pailita, Nickoog Clk, Tunechikidd, El Jordan 23, DONNER;Tu Diablo Remix (feat. El Jordan 23, Nickoog Clk & Tunechikidd);;
ene-24;Spotify;#¿NOMBRE?;Anuel AA, Quevedo, Maluma, Mambo Kingz, DJ Luian;OA;;
ene-24;Spotify;#¿NOMBRE?;Grupo Frontera, Ke Personajes;OJITOS ROJOS;;
ene-24;Spotify;#¿NOMBRE?;Pablo Chill-E, Pailita;Cora Roto;;
ene-24;Spotify;#¿NOMBRE?;Gino Mella, Jairo Vera;DE LA PXTA;;
ene-24;Spotify;#¿NOMBRE?;Plan B;Es un Secreto;;
ene-24;Spotify;#¿NOMBRE?;Manuel Turizo;La Bachata;;
ene-24;Spotify;#¿NOMBRE?;Pailita, Fran C;Venga Pa' Acá;;
ene-24;Spotify;#¿NOMBRE?;KAROL G, Shakira;TQG;;
ene-24;Spotify;#¿NOMBRE?;Ariana Grande;yes, and?;;
ene-24;Spotify;#¿NOMBRE?;Jere Klein, El BAI, Mateo on the Beatz;FINA;;
ene-24;Spotify;#¿NOMBRE?;Jere Klein, Lucky Brown;Mandame Tu Ubi;;
ene-24;Spotify;#¿NOMBRE?;Julianno Sosa, Guelo Star;TRANQUILA;;
ene-24;Spotify;#¿NOMBRE?;Jairo Vera, Gino Mella, King Savagge, Chiko Alfa, Bayriton, Malito Malozo, Paolo Pimp;JARABE (feat. Chiko Alfa, Bayriton, Malito Malozo & Paolo Pimp);;
ene-24;Spotify;#¿NOMBRE?;Grupo Frontera, Bad Bunny;un x100to;;
ene-24;Spotify;#¿NOMBRE?;El Joan, Celso El Potente;Le Gustan Lo' Flaites;;
ene-24;Spotify;#¿NOMBRE?;Uzielito Mix, Yeri Mua, El Jordan 23, Dj Kiire;Linea Del Perreo;;
ene-24;Spotify;#¿NOMBRE?;Carin Leon;Primera Cita;;
ene-24;Spotify;#¿NOMBRE?;KAROL G, Cris Mj, Ryan Castro;UNA NOCHE EN MEDELLÍN - REMIX;;
ene-24;Spotify;#¿NOMBRE?;Feid;Feliz Cumpleaños Ferxxo;;
ene-24;Spotify;#¿NOMBRE?;The Weeknd, JENNIE, Lily-Rose Depp;One Of The Girls (with JENNIE, Lily Rose Depp);;
ene-24;Spotify;#¿NOMBRE?;KAROL G;PROVENZA;;
ene-24;Spotify;#¿NOMBRE?;Jere Klein, Mateo on the Beatz;UNA EN UN MILLÓN;;
ene-24;Spotify;#¿NOMBRE?;Kidd Voodoo, Easykid;Mal Mal Mal;;
ene-24;Spotify;#¿NOMBRE?;Milo j, Taiu;Rara Vez;;
ene-24;Spotify;#¿NOMBRE?;Xavi;La Víctima;;
ene-24;Spotify;#¿NOMBRE?;Calle 24, Chino Pacas, Fuerza Regida;Que Onda;;
ene-24;Spotify;#¿NOMBRE?;Tony Dize, Plan B;Solos (feat. Plan B);;
ene-24;Spotify;#¿NOMBRE?;Santaferia, Grupo Zúmbale Primo;Que Te Vaya Bien;;
ene-24;Spotify;#¿NOMBRE?;Emilia, TINI;La_Original.mp3;;
ene-24;Spotify;#¿NOMBRE?;Milo j;M.A.I;;
ene-24;Spotify;#¿NOMBRE?;Bad Gyal, Tokischa, Young Miko;Chulo pt.2;;
ene-24;Spotify;#¿NOMBRE?;Bad Bunny, Chencho Corleone;Me Porto Bonito;;
ene-24;Spotify;#¿NOMBRE?;Lucky Brown, Fran C;Toda Guapa;;
ene-24;Spotify;#¿NOMBRE?;KAROL G, Romeo Santos;X SI VOLVEMOS;;
ene-24;Spotify;#¿NOMBRE?;Yng Lvcas, Peso Pluma;La Bebe - Remix;;
ene-24;Spotify;#¿NOMBRE?;Ozuna, Anuel AA, Chris Jedi;Pa Ti Estoy;;
ene-24;Spotify;#¿NOMBRE?;iñigo quintero;Si No Estás;;
ene-24;Spotify;#¿NOMBRE?;Emilia;Exclusive.mp3;;
ene-24;Spotify;#¿NOMBRE?;Mora, Feid;LA INOCENTE;;
ene-24;Spotify;#¿NOMBRE?;Ozuna, Feid;Hey Mor;;
ene-24;Spotify;#¿NOMBRE?;Los Bunkers;Nada Nuevo Bajo El Sol;;
ene-24;Spotify;#¿NOMBRE?;Wolfine, Ñejo;Escápate Conmigo - Remix;;
ene-24;Spotify;#¿NOMBRE?;Ke Personajes, Onda Sabanera;Pobre Corazón - En Vivo;;
ene-24;Spotify;#¿NOMBRE?;FloyyMenor;pa la europa;;
ene-24;Spotify;#¿NOMBRE?;Bacilos;Caraluna;;
ene-24;Spotify;#¿NOMBRE?;Kidd Voodoo, Young Cister;Fashion Girl - Remix;;
ene-24;Spotify;#¿NOMBRE?;Eslabon Armado, Peso Pluma;Ella Baila Sola;;
ene-24;Spotify;#¿NOMBRE?;Los Ángeles Azules, Maria Becerra;El Amor de Mi Vida;;
ene-24;Spotify;#¿NOMBRE?;Don Omar;Dile;;
ene-24;Spotify;#¿NOMBRE?;Bizarrap, Milo j;Fruto;;
ene-24;Spotify;#¿NOMBRE?;Harry Styles;As It Was;;
ene-24;Spotify;#¿NOMBRE?;Jere Klein;Ram;;
ene-24;Spotify;#¿NOMBRE?;KAROL G;MIENTRAS ME CURO DEL CORA;;
ene-24;Spotify;#¿NOMBRE?;The Police;Every Breath You Take;;
ene-24;Spotify;#¿NOMBRE?;Ryan Castro, Peso Pluma, SOG;QUEMA;;
ene-24;Spotify;#¿NOMBRE?;Quevedo;PUNTO G;;
feb-24;Spotify;#¿NOMBRE?;FloyyMenor, Cris Mj;Gata Only;;
feb-24;Spotify;#¿NOMBRE?;Cris Mj;Daytona;;
feb-24;Spotify;#¿NOMBRE?;Jere Klein, Nickoog Clk, Lucky Brown, El BAI;PRINCESITA DE ...;;
feb-24;Spotify;#¿NOMBRE?;Feid, ATL Jacob;LUNA;;
feb-24;Spotify;#¿NOMBRE?;Jere Klein, Cris Mj;LOCA FARANDULERA;;
feb-24;Spotify;#¿NOMBRE?;Myke Towers;LA FALDA;;
feb-24;Spotify;#¿NOMBRE?;Kidd Voodoo, Pablo Chill-E, Swift 047;Ese Guille;;
feb-24;Spotify;#¿NOMBRE?;Gino Mella, Jairo Vera, Yandel, Lenny Tavárez, Best;El Amor de tu Vida (feat. Lenny Tavárez & Best) - Remix;;
feb-24;Spotify;#¿NOMBRE?;Pailita;Bendito (Soundtrack Baby Bandito: La Serie);;
feb-24;Spotify;#¿NOMBRE?;Kidd Voodoo, Daiko 02;Minnie <3;;
feb-24;Spotify;#¿NOMBRE?;Jere Klein, Gittobeatz;ANDO;;
feb-24;Spotify;#¿NOMBRE?;Lucky Brown, Jere Klein, Mateo on the Beatz;¿Cuál Es Su Nombre?;;
feb-24;Spotify;#¿NOMBRE?;Xavi;La Diabla;;
feb-24;Spotify;#¿NOMBRE?;Standly;Vida Peligrosa;;
feb-24;Spotify;#¿NOMBRE?;Trueno, Nicki Nicole, Bizarrap, Taiu, TATOOL;Mamichula - con Nicki Nicole;;
feb-24;Spotify;#¿NOMBRE?;Jere Klein, Nicki Nicole;X ESO BB;;
feb-24;Spotify;#¿NOMBRE?;Mesita, Nicki Nicole, Tiago PZK, Emilia;Una Foto Remix (feat. Emilia);;
feb-24;Spotify;#¿NOMBRE?;Jere Klein, Mateo on the Beatz, EL MURCIELAGO;KE MAL;;
feb-24;Spotify;#¿NOMBRE?;Lucky Brown, Nickoog Clk, Mateo on the Beatz;Ay Parcera;;
feb-24;Spotify;#¿NOMBRE?;Cris Mj;No Ando Weando;;
feb-24;Spotify;#¿NOMBRE?;Katteyes, Kidd Voodoo;Tas Texteandome;;
feb-24;Spotify;#¿NOMBRE?;Kidd Voodoo, LACUEVA;Recuérdame </3;;
feb-24;Spotify;#¿NOMBRE?;Bad Bunny, Feid;PERRO NEGRO;;
feb-24;Spotify;#¿NOMBRE?;KAROL G, Peso Pluma;QLONA;;
feb-24;Spotify;#¿NOMBRE?;Cris Mj;Partyson;;
feb-24;Spotify;#¿NOMBRE?;Jere Klein;NO HAY 14F;;
feb-24;Spotify;#¿NOMBRE?;Milo j;M.A.I;;
feb-24;Spotify;#¿NOMBRE?;YSY A, Jere Klein, ONIRIA;24/7 6.5;;
feb-24;Spotify;#¿NOMBRE?;Gaby Music, Lunay, Luar La L;No Te Quieren Conmigo;;
feb-24;Spotify;#¿NOMBRE?;Cris Mj;La Noche Está;;
feb-24;Spotify;#¿NOMBRE?;Anuel AA;Tacos Gucci;;
feb-24;Spotify;#¿NOMBRE?;KAROL G, Tiësto;CONTIGO (with Tiësto);;
feb-24;Spotify;#¿NOMBRE?;Bizarrap, Young Miko;Young Miko: Bzrp Music Sessions, Vol. 58;;
feb-24;Spotify;#¿NOMBRE?;Nickoog Clk, Jere Klein;XQ TAN SOLA?;;
feb-24;Spotify;#¿NOMBRE?;Peso Pluma, Anitta;BELLAKEO;;
feb-24;Spotify;#¿NOMBRE?;Big One, FMK, Ke Personajes;Un Finde | CROSSOVER #2;;
feb-24;Spotify;#¿NOMBRE?;Sayian Jimmy, Nysix Music, CamiMusic;Bad Boy;;
feb-24;Spotify;#¿NOMBRE?;Cris Mj, Yan Block;333;;
feb-24;Spotify;#¿NOMBRE?;Maluma, Carin Leon;Según Quién;;
feb-24;Spotify;#¿NOMBRE?;Tiago PZK, Ke Personajes;Piel;;
feb-24;Spotify;#¿NOMBRE?;El Jordan 23, los patos feos inc, Nes;Cabaña;;
feb-24;Spotify;#¿NOMBRE?;Quevedo;Columbia;;
feb-24;Spotify;#¿NOMBRE?;KAROL G;AMARGURA;;
feb-24;Spotify;#¿NOMBRE?;Rauw Alejandro;DILUVIO;;
feb-24;Spotify;#¿NOMBRE?;Jere Klein, Taiko, EL MURCIELAGO;NO SÉ AMAR;;
feb-24;Spotify;#¿NOMBRE?;Manuel Turizo;La Bachata;;
feb-24;Spotify;#¿NOMBRE?;Lucky Brown, Adan La Amenaza;Privado;;
feb-24;Spotify;#¿NOMBRE?;Plan B;Es un Secreto;;
feb-24;Spotify;#¿NOMBRE?;KAROL G;MI EX TENÍA RAZÓN;;
feb-24;Spotify;#¿NOMBRE?;Myke Towers;LALA;;
feb-24;Spotify;#¿NOMBRE?;Grupo Frontera, Ke Personajes;OJITOS ROJOS;;
feb-24;Spotify;#¿NOMBRE?;FloyyMenor;pa la europa;;
feb-24;Spotify;#¿NOMBRE?;Pablo Chill-E, Pailita;Cora Roto;;
feb-24;Spotify;#¿NOMBRE?;Anuel AA, Quevedo, Maluma, Mambo Kingz, DJ Luian;OA;;
feb-24;Spotify;#¿NOMBRE?;Lenny Tavárez, Feid;EMPELOTICA;;
feb-24;Spotify;#¿NOMBRE?;Giuliano Yankees, Cris Mj, Valdi;Me Pide Más;;
feb-24;Spotify;#¿NOMBRE?;Cris Mj, Dei V;Diabólica;;
feb-24;Spotify;#¿NOMBRE?;Gino Mella, Jairo Vera, Best;EL AMOR DE TU VIDA;;
feb-24;Spotify;#¿NOMBRE?;Nickoog Clk, Gittobeatz;Somos Diferentes;;
feb-24;Spotify;#¿NOMBRE?;Kidd Voodoo, Easykid;Mal Mal Mal;;
feb-24;Spotify;#¿NOMBRE?;Jere Klein, Mateo on the Beatz;UNA EN UN MILLÓN;;
feb-24;Spotify;#¿NOMBRE?;Blessd, Feid;SI SABE FERXXO;;
feb-24;Spotify;#¿NOMBRE?;Gino Mella, Jairo Vera;DE LA PXTA;;
feb-24;Spotify;#¿NOMBRE?;Feid, Young Miko;CLASSY 101;;
feb-24;Spotify;#¿NOMBRE?;Kidd Voodoo, Young Cister;Fashion Girl - Remix;;
feb-24;Spotify;#¿NOMBRE?;KAROL G, Cris Mj, Ryan Castro;UNA NOCHE EN MEDELLÍN - REMIX;;
feb-24;Spotify;#¿NOMBRE?;KAROL G, Shakira;TQG;;
feb-24;Spotify;#¿NOMBRE?;Mora, Feid;LA INOCENTE;;
feb-24;Spotify;#¿NOMBRE?;Tony Dize, Plan B;Solos (feat. Plan B);;
feb-24;Spotify;#¿NOMBRE?;Giuliano Yankees, Gio Valentinno, Valdi;Salgo En El Meche;;
feb-24;Spotify;#¿NOMBRE?;Carin Leon;Primera Cita;;
feb-24;Spotify;#¿NOMBRE?;Engel Montaz, Sacra Mr Melody;Vamono Lejos;;
feb-24;Spotify;#¿NOMBRE?;Grupo Frontera, Bad Bunny;un x100to;;
feb-24;Spotify;#¿NOMBRE?;Jere Klein;Ram;;
feb-24;Spotify;#¿NOMBRE?;Darell;Lollipop;;
feb-24;Spotify;#¿NOMBRE?;Jere Klein, Lucky Brown;Mandame Tu Ubi;;
feb-24;Spotify;#¿NOMBRE?;TWENTY SIX, Tayson Kryss;Buscando Money;;
feb-24;Spotify;#¿NOMBRE?;Darell, Ozuna, Maluma;Lollipop - Remix;;
feb-24;Spotify;#¿NOMBRE?;Ak4:20, Kidd Voodoo;BEBÉ;;
feb-24;Spotify;#¿NOMBRE?;Jere Klein, El BAI, Mateo on the Beatz;FINA;;
feb-24;Spotify;#¿NOMBRE?;Milo j, Taiu;Rara Vez;;
feb-24;Spotify;#¿NOMBRE?;NEMJ, Martinwhite;ESA NENA REMIX;;
feb-24;Spotify;#¿NOMBRE?;El Joan, Celso El Potente;Le Gustan Lo' Flaites;;
feb-24;Spotify;#¿NOMBRE?;Jairo Vera, Gino Mella, King Savagge, Chiko Alfa, Bayriton, Malito Malozo, Paolo Pimp;JARABE (feat. Chiko Alfa, Bayriton, Malito Malozo & Paolo Pimp);;
feb-24;Spotify;#¿NOMBRE?;Julianno Sosa, Guelo Star;TRANQUILA;;
feb-24;Spotify;#¿NOMBRE?;The Weeknd, JENNIE, Lily-Rose Depp;One Of The Girls (with JENNIE, Lily Rose Depp);;
feb-24;Spotify;#¿NOMBRE?;YG Marley;Praise Jah In The Moonlight;;
feb-24;Spotify;#¿NOMBRE?;Santaferia, Grupo Zúmbale Primo;Que Te Vaya Bien;;
feb-24;Spotify;#¿NOMBRE?;KAROL G, Romeo Santos;X SI VOLVEMOS;;
feb-24;Spotify;#¿NOMBRE?;Xavi;La Víctima;;
feb-24;Spotify;#¿NOMBRE?;Los Ángeles Azules, Maria Becerra;El Amor de Mi Vida;;
feb-24;Spotify;#¿NOMBRE?;Bad Bunny, Chencho Corleone;Me Porto Bonito;;
feb-24;Spotify;#¿NOMBRE?;Chris Jedi, Gaby Music, Dei V, Anuel AA, Ozuna;BAD BOY;;
feb-24;Spotify;#¿NOMBRE?;Kidd Voodoo, Resonancia Etérea;Confortas Pero Dañas;;
feb-24;Spotify;#¿NOMBRE?;KAROL G;PROVENZA;;
feb-24;Spotify;#¿NOMBRE?;Marshmello, Manuel Turizo;El Merengue;;
feb-24;Spotify;#¿NOMBRE?;Kali Uchis, Peso Pluma;Igual Que Un Ángel (with Peso Pluma);;
feb-24;Spotify;#¿NOMBRE?;Los Bunkers;Llueve Sobre La Ciudad;;
feb-24;Spotify;#¿NOMBRE?;Soda Stereo;Trátame Suavemente - Remasterizado 2007;;
feb-24;Spotify;#¿NOMBRE?;Luck Ra, KHEA;HOLA PERDIDA;;
mar-24;Spotify;#¿NOMBRE?;FloyyMenor, Cris Mj;Gata Only;;
mar-24;Spotify;#¿NOMBRE?;Lucky Brown, Big Cvyu;Coa Xorete;;
mar-24;Spotify;#¿NOMBRE?;Cris Mj;Daytona;;
mar-24;Spotify;#¿NOMBRE?;Kidd Voodoo, DrefQuila, Swift 047;Enrolar;;
mar-24;Spotify;#¿NOMBRE?;Kidd Voodoo, Pablo Chill-E, Swift 047;Ese Guille;;
mar-24;Spotify;#¿NOMBRE?;Jere Klein, Nickoog Clk, Lucky Brown, El BAI;PRINCESITA DE ...;;
mar-24;Spotify;#¿NOMBRE?;Feid, ATL Jacob;LUNA;;
mar-24;Spotify;#¿NOMBRE?;Kidd Voodoo, Daiko 02;Minnie <3;;
mar-24;Spotify;#¿NOMBRE?;ITHAN NY, Ak4:20;MA DIAMANTE;;
mar-24;Spotify;#¿NOMBRE?;Myke Towers;LA FALDA;;
mar-24;Spotify;#¿NOMBRE?;Jere Klein, Cris Mj;LOCA FARANDULERA;;
mar-24;Spotify;#¿NOMBRE?;Standly;Vida Peligrosa;;
mar-24;Spotify;#¿NOMBRE?;Cris Mj, Dei V;Diabólica;;
mar-24;Spotify;#¿NOMBRE?;Lucky Brown, Jere Klein, Mateo on the Beatz;¿Cuál Es Su Nombre?;;
mar-24;Spotify;#¿NOMBRE?;Kidd Voodoo, LACUEVA;Recuérdame </3;;
mar-24;Spotify;#¿NOMBRE?;Jere Klein;NO HAY 14F;;
mar-24;Spotify;#¿NOMBRE?;Jere Klein, Gittobeatz;ANDO;;
mar-24;Spotify;#¿NOMBRE?;Gino Mella, Jairo Vera, Yandel, Lenny Tavárez, Best;El Amor de tu Vida (feat. Lenny Tavárez & Best) - Remix;;
mar-24;Spotify;#¿NOMBRE?;Kidd Voodoo, Young Cister;Fashion Girl - Remix;;
mar-24;Spotify;#¿NOMBRE?;Katteyes, Kidd Voodoo;Tas Texteandome;;
mar-24;Spotify;#¿NOMBRE?;Tiago PZK, Ke Personajes;Piel;;
mar-24;Spotify;#¿NOMBRE?;Pailita;Bendito (Soundtrack Baby Bandito: La Serie);;
mar-24;Spotify;#¿NOMBRE?;Lucky Brown, Nickoog Clk, Mateo on the Beatz;Ay Parcera;;
mar-24;Spotify;#¿NOMBRE?;Cris Mj;Partyson;;
mar-24;Spotify;#¿NOMBRE?;Milo j;M.A.I;;
mar-24;Spotify;#¿NOMBRE?;Sayian Jimmy, Nysix Music, CamiMusic;Bad Boy;;
mar-24;Spotify;#¿NOMBRE?;Mesita, Nicki Nicole, Tiago PZK, Emilia;Una Foto Remix (feat. Emilia);;
mar-24;Spotify;#¿NOMBRE?;Kidd Voodoo, Swift 047;Grabándote:);;
mar-24;Spotify;#¿NOMBRE?;Jere Klein, Nicki Nicole;X ESO BB;;
mar-24;Spotify;#¿NOMBRE?;Jere Klein, Mateo on the Beatz, EL MURCIELAGO;KE MAL;;
mar-24;Spotify;#¿NOMBRE?;Bad Bunny, Feid;PERRO NEGRO;;
mar-24;Spotify;#¿NOMBRE?;Xavi;La Diabla;;
mar-24;Spotify;#¿NOMBRE?;Cris Mj;No Ando Weando;;
mar-24;Spotify;#¿NOMBRE?;KAROL G, Peso Pluma;QLONA;;
mar-24;Spotify;#¿NOMBRE?;YSY A, Jere Klein, ONIRIA;24/7 6.5;;
mar-24;Spotify;#¿NOMBRE?;Cris Mj;La Noche Está;;
mar-24;Spotify;#¿NOMBRE?;Maluma, Carin Leon;Según Quién;;
mar-24;Spotify;#¿NOMBRE?;Trueno, Nicki Nicole, Bizarrap, Taiu, TATOOL;Mamichula - con Nicki Nicole;;
mar-24;Spotify;#¿NOMBRE?;Jairo Vera, Gino Mella, Ak4:20, Bayriton, Abraham Wayne;Tarima (feat. Bayriton & Abraham Wayne) - Remix;;
mar-24;Spotify;#¿NOMBRE?;Lucky Brown, Adan La Amenaza;Privado;;
mar-24;Spotify;#¿NOMBRE?;Nickoog Clk, Jere Klein;XQ TAN SOLA?;;
mar-24;Spotify;#¿NOMBRE?;Renn, Yexel;Maquillaje;;
mar-24;Spotify;#¿NOMBRE?;Manuel Turizo;La Bachata;;
mar-24;Spotify;#¿NOMBRE?;FloyyMenor;pa la europa;;
mar-24;Spotify;#¿NOMBRE?;Gaby Music, Lunay, Luar La L;No Te Quieren Conmigo;;
mar-24;Spotify;#¿NOMBRE?;KAROL G;AMARGURA;;
mar-24;Spotify;#¿NOMBRE?;Kidd Voodoo, Swift 047;Guaya Guaya...;;
mar-24;Spotify;#¿NOMBRE?;El Jordan 23, los patos feos inc, Nes;Cabaña;;
mar-24;Spotify;#¿NOMBRE?;KAROL G, Tiësto;CONTIGO (with Tiësto);;
mar-24;Spotify;#¿NOMBRE?;eleven1.1, DrefQuila, Kidd Voodoo, Harry Nach, SOULFIA;Escarlata - Remix;;
mar-24;Spotify;#¿NOMBRE?;Baby J & Young Weapon;Confundido;;
mar-24;Spotify;#¿NOMBRE?;Big One, FMK, Ke Personajes;Un Finde | CROSSOVER #2;;
mar-24;Spotify;#¿NOMBRE?;Ariana Grande;we can't be friends (wait for your love);;
mar-24;Spotify;#¿NOMBRE?;Cris Mj, Yan Block;333;;
mar-24;Spotify;#¿NOMBRE?;Plan B;Es un Secreto;;
mar-24;Spotify;#¿NOMBRE?;FloyyMenor, Lucky Brown;ME GUSTA;;
mar-24;Spotify;#¿NOMBRE?;Kidd Voodoo, Easykid;Mal Mal Mal;;
mar-24;Spotify;#¿NOMBRE?;KAROL G;MI EX TENÍA RAZÓN;;
mar-24;Spotify;#¿NOMBRE?;Benson Boone;Beautiful Things;;
mar-24;Spotify;#¿NOMBRE?;Pablo Chill-E, Pailita;Cora Roto;;
mar-24;Spotify;#¿NOMBRE?;Rauw Alejandro;DILUVIO;;
mar-24;Spotify;#¿NOMBRE?;Peso Pluma, Anitta;BELLAKEO;;
mar-24;Spotify;#¿NOMBRE?;Gino Mella, Jairo Vera;DE LA PXTA;;
mar-24;Spotify;#¿NOMBRE?;Los Bunkers;Llueve Sobre La Ciudad;;
mar-24;Spotify;#¿NOMBRE?;Anuel AA, Quevedo, Maluma, Mambo Kingz, DJ Luian;OA;;
mar-24;Spotify;#¿NOMBRE?;NEMJ, Martinwhite;ESA NENA REMIX;;
mar-24;Spotify;#¿NOMBRE?;KAROL G, Shakira;TQG;;
mar-24;Spotify;#¿NOMBRE?;Los Bunkers;Bailando Solo;;
mar-24;Spotify;#¿NOMBRE?;Los Bunkers;Nada Nuevo Bajo El Sol;;
mar-24;Spotify;#¿NOMBRE?;Pressure 9X19, Anuel AA, YOVNGCHIMI, CDobleta, Luar La L;VVS Switch (feat. Luar La L & CDobleta) - Remix;;
mar-24;Spotify;#¿NOMBRE?;Kidd Voodoo, Nickzzy, Dysbit;Prendía;;
mar-24;Spotify;#¿NOMBRE?;Grupo Frontera, Ke Personajes;OJITOS ROJOS;;
mar-24;Spotify;#¿NOMBRE?;Djo;End of Beginning;;
mar-24;Spotify;#¿NOMBRE?;Blessd, Feid;SI SABE FERXXO;;
mar-24;Spotify;#¿NOMBRE?;Feid, Young Miko;CLASSY 101;;
mar-24;Spotify;#¿NOMBRE?;Los Bunkers;Ven Aquí;;
mar-24;Spotify;#¿NOMBRE?;Quevedo;Columbia;;
mar-24;Spotify;#¿NOMBRE?;Jere Klein, Mateo on the Beatz;UNA EN UN MILLÓN;;
mar-24;Spotify;#¿NOMBRE?;Lenny Tavárez, Feid;EMPELOTICA;;
mar-24;Spotify;#¿NOMBRE?;Tony Dize, Plan B;Solos (feat. Plan B);;
mar-24;Spotify;#¿NOMBRE?;Milo j, Taiu;Rara Vez;;
mar-24;Spotify;#¿NOMBRE?;Myke Towers;LALA;;
mar-24;Spotify;#¿NOMBRE?;Jairo Vera, Gino Mella, King Savagge, Chiko Alfa, Bayriton, Malito Malozo, Paolo Pimp;JARABE (feat. Chiko Alfa, Bayriton, Malito Malozo & Paolo Pimp);;
mar-24;Spotify;#¿NOMBRE?;KAROL G, Cris Mj, Ryan Castro;UNA NOCHE EN MEDELLÍN - REMIX;;
mar-24;Spotify;#¿NOMBRE?;Kidd Voodoo, Alex Rose, Swift 047;Diablita;;
mar-24;Spotify;#¿NOMBRE?;Julianno Sosa, Guelo Star;TRANQUILA;;
mar-24;Spotify;#¿NOMBRE?;Lamelodiadelhampa, Renaglock, YoungGlizzy;Peñalolen Cuna de Ladrones;;
mar-24;Spotify;#¿NOMBRE?;KAROL G, Romeo Santos;X SI VOLVEMOS;;
mar-24;Spotify;#¿NOMBRE?;Feid;Feliz Cumpleaños Ferxxo;;
mar-24;Spotify;#¿NOMBRE?;Don Omar;Dile;;
mar-24;Spotify;#¿NOMBRE?;Kidd Voodoo, LACUEVA;Ángeles;;
mar-24;Spotify;#¿NOMBRE?;Bizarrap, Young Miko;Young Miko: Bzrp Music Sessions, Vol. 58;;
mar-24;Spotify;#¿NOMBRE?;Gino Mella, Jairo Vera, Best;EL AMOR DE TU VIDA;;
mar-24;Spotify;#¿NOMBRE?;The Weeknd, JENNIE, Lily-Rose Depp;One Of The Girls (with JENNIE, Lily Rose Depp);;
mar-24;Spotify;#¿NOMBRE?;Tony Dize, Yandel;Permitame (feat. Yandel);;
mar-24;Spotify;#¿NOMBRE?;Giuliano Yankees, Gio Valentinno, Valdi;Salgo En El Meche;;
mar-24;Spotify;#¿NOMBRE?;Lucky Brown, Fran C;Toda Guapa;;
mar-24;Spotify;#¿NOMBRE?;Nickoog Clk, ITHAN NY, Lucky Brown, Izahn;JERICHO;;
mar-24;Spotify;#¿NOMBRE?;Marshmello, Manuel Turizo;El Merengue;;
mar-24;Spotify;#¿NOMBRE?;El Rey, Jere Klein;38;;
abr-24;Spotify;#¿NOMBRE?;FloyyMenor, Cris Mj;Gata Only;;
abr-24;Spotify;#¿NOMBRE?;Pablo Chill-E, Bryartz;Gitana (feat. Bryartz);;
abr-24;Spotify;#¿NOMBRE?;Kidd Voodoo, DrefQuila, Young Cister, Easykid, Swift 047, LOS 4F;Enrolar - Fantastic Four Remix;;
abr-24;Spotify;#¿NOMBRE?;Pablo Chill-E, Ñengo Flow, Jere Klein;Bastardo (feat. Ñengo Flow & Jere Klein);;
abr-24;Spotify;#¿NOMBRE?;Cris Mj;Que Hay Amor;;
abr-24;Spotify;#¿NOMBRE?;Cris Mj;Daytona;;
abr-24;Spotify;#¿NOMBRE?;Lucky Brown, Big Cvyu;Coa Xorete;;
abr-24;Spotify;#¿NOMBRE?;Kidd Voodoo, Pablo Chill-E, Swift 047;Ese Guille;;
abr-24;Spotify;#¿NOMBRE?;ITHAN NY, Ak4:20;MA DIAMANTE;;
abr-24;Spotify;#¿NOMBRE?;Kidd Voodoo, DrefQuila, Swift 047;Enrolar;;
abr-24;Spotify;#¿NOMBRE?;Kidd Voodoo, Daiko 02;Minnie <3;;
abr-24;Spotify;#¿NOMBRE?;Cris Mj, Dei V;Diabólica;;
abr-24;Spotify;#¿NOMBRE?;Tiago PZK, Ke Personajes;Piel;;
abr-24;Spotify;#¿NOMBRE?;Jere Klein, Nickoog Clk, Lucky Brown, El BAI;PRINCESITA DE ...;;
abr-24;Spotify;#¿NOMBRE?;eleven1.1, DrefQuila, Kidd Voodoo, Harry Nach, SOULFIA;Escarlata - Remix;;
abr-24;Spotify;#¿NOMBRE?;Feid, ATL Jacob;LUNA;;
abr-24;Spotify;#¿NOMBRE?;Bhavi, Seven Kayne, Milo j, Tiago PZK, KHEA, Neo Pistea;BESAME (feat. Tiago PZK, Khea & Neo Pistea) - Remix;;
abr-24;Spotify;#¿NOMBRE?;KAROL G;AMARGURA;;
abr-24;Spotify;#¿NOMBRE?;iZaak, JHAYCO, Anuel AA;BBY BOO - REMIX;;
abr-24;Spotify;#¿NOMBRE?;KAROL G, Peso Pluma;QLONA;;
abr-24;Spotify;#¿NOMBRE?;Kidd Voodoo, Young Cister;Fashion Girl - Remix;;
abr-24;Spotify;#¿NOMBRE?;Jere Klein, Cris Mj;LOCA FARANDULERA;;
abr-24;Spotify;#¿NOMBRE?;Kidd Voodoo, Swift 047;Grabándote:);;
abr-24;Spotify;#¿NOMBRE?;Myke Towers;LA FALDA;;
abr-24;Spotify;#¿NOMBRE?;Rvssian, Rauw Alejandro, Ayra Starr;Santa;;
abr-24;Spotify;#¿NOMBRE?;Jere Klein;NO HAY 14F;;
abr-24;Spotify;#¿NOMBRE?;Young Miko, Feid;offline;;
abr-24;Spotify;#¿NOMBRE?;Jere Klein, Gittobeatz;ANDO;;
abr-24;Spotify;#¿NOMBRE?;Katteyes, Kidd Voodoo;Tas Texteandome;;
abr-24;Spotify;#¿NOMBRE?;Lucky Brown, Jere Klein, Mateo on the Beatz;¿Cuál Es Su Nombre?;;
abr-24;Spotify;#¿NOMBRE?;Kidd Voodoo, LACUEVA;Recuérdame </3;;
abr-24;Spotify;#¿NOMBRE?;Cris Mj;Partyson;;
abr-24;Spotify;#¿NOMBRE?;KAROL G;MI EX TENÍA RAZÓN;;
abr-24;Spotify;#¿NOMBRE?;Jere Klein, Mateo on the Beatz, EL MURCIELAGO;KE MAL;;
abr-24;Spotify;#¿NOMBRE?;Standly;Vida Peligrosa;;
abr-24;Spotify;#¿NOMBRE?;Engel Montaz, Kuv507, Latinnites Music;Cupido;;
abr-24;Spotify;#¿NOMBRE?;Pablo Chill-E;Resentia;;
abr-24;Spotify;#¿NOMBRE?;Milo j;M.A.I;;
abr-24;Spotify;#¿NOMBRE?;FloyyMenor, Lucky Brown;ME GUSTA;;
abr-24;Spotify;#¿NOMBRE?;Sayian Jimmy, Nysix Music, CamiMusic;Bad Boy;;
abr-24;Spotify;#¿NOMBRE?;Jere Klein, Nicki Nicole;X ESO BB;;
abr-24;Spotify;#¿NOMBRE?;KAROL G, Shakira;TQG;;
abr-24;Spotify;#¿NOMBRE?;KAROL G, Tiësto;CONTIGO (with Tiësto);;
abr-24;Spotify;#¿NOMBRE?;Pablo Chill-E, Pailita;Cora Roto (feat. Pailita);;
abr-24;Spotify;#¿NOMBRE?;Cris Mj;La Noche Está;;
abr-24;Spotify;#¿NOMBRE?;KAROL G;MIENTRAS ME CURO DEL CORA;;
abr-24;Spotify;#¿NOMBRE?;FloyyMenor;pa la europa;;
abr-24;Spotify;#¿NOMBRE?;Mesita, Nicki Nicole, Tiago PZK, Emilia;Una Foto Remix (feat. Emilia);;
abr-24;Spotify;#¿NOMBRE?;Artemas;i like the way you kiss me;;
abr-24;Spotify;#¿NOMBRE?;Taylor Swift, Post Malone;Fortnight (feat. Post Malone);;
abr-24;Spotify;#¿NOMBRE?;YSY A, Jere Klein, ONIRIA;24/7 6.5;;
abr-24;Spotify;#¿NOMBRE?;KAROL G, Romeo Santos;X SI VOLVEMOS;;
abr-24;Spotify;#¿NOMBRE?;Bad Bunny, Feid;PERRO NEGRO;;
abr-24;Spotify;#¿NOMBRE?;KAROL G;OKI DOKI;;
abr-24;Spotify;#¿NOMBRE?;Lucky Brown, Nickoog Clk, Mateo on the Beatz;Ay Parcera;;
abr-24;Spotify;#¿NOMBRE?;Nickoog Clk, Jere Klein;XQ TAN SOLA?;;
abr-24;Spotify;#¿NOMBRE?;Maluma, Carin Leon;Según Quién;;
abr-24;Spotify;#¿NOMBRE?;KAROL G, Cris Mj, Ryan Castro;UNA NOCHE EN MEDELLÍN - REMIX;;
abr-24;Spotify;#¿NOMBRE?;Renn, Yexel;Maquillaje;;
abr-24;Spotify;#¿NOMBRE?;Cris Mj;No Ando Weando;;
abr-24;Spotify;#¿NOMBRE?;Manuel Turizo;La Bachata;;
abr-24;Spotify;#¿NOMBRE?;Sevdaliza, Villano Antillano, Tokischa;Ride Or Die, Pt. 2 (with Villano Antillano & Tokischa);;
abr-24;Spotify;#¿NOMBRE?;Ak4:20, J Alvarez;2012;;
abr-24;Spotify;#¿NOMBRE?;Pailita;Bendito (Soundtrack Baby Bandito: La Serie);;
abr-24;Spotify;#¿NOMBRE?;Plan B;Es un Secreto;;
abr-24;Spotify;#¿NOMBRE?;Big One, FMK, Ke Personajes;Un Finde | CROSSOVER #2;;
abr-24;Spotify;#¿NOMBRE?;KAROL G;PROVENZA;;
abr-24;Spotify;#¿NOMBRE?;Ceaese, Utopiko, DrefQuila, THAT;Damelo (feat. DrefQuila y THAT);;
abr-24;Spotify;#¿NOMBRE?;Tobal Mj, Cris Mj, Kail BRL;Que Brille Sola Mami;;
abr-24;Spotify;#¿NOMBRE?;El Jordan 23, los patos feos inc, Nes;Cabaña;;
abr-24;Spotify;#¿NOMBRE?;Cris Mj, Yan Block;333;;
abr-24;Spotify;#¿NOMBRE?;KAROL G, Ovy On The Drums;CAIRO;;
abr-24;Spotify;#¿NOMBRE?;The Academy: Segunda Misión, Sech, Justin Quiles, Lenny Tavárez, Dalex, Dímelo Flow, Myke Towers;LA RANGER (feat. Myke Towers);;
abr-24;Spotify;#¿NOMBRE?;KAROL G;EL BARCO;;
abr-24;Spotify;#¿NOMBRE?;Xavi;La Diabla;;
abr-24;Spotify;#¿NOMBRE?;Gino Mella, Jairo Vera, Yandel, Lenny Tavárez, Best;El Amor de tu Vida (feat. Lenny Tavárez & Best) - Remix;;
abr-24;Spotify;#¿NOMBRE?;Becky G, KAROL G;MAMIII;;
abr-24;Spotify;#¿NOMBRE?;Kidd Voodoo, Swift 047;Guaya Guaya...;;
abr-24;Spotify;#¿NOMBRE?;Lucky Brown, Adan La Amenaza;Privado;;
abr-24;Spotify;#¿NOMBRE?;Benson Boone;Beautiful Things;;
abr-24;Spotify;#¿NOMBRE?;Anuel AA, Quevedo, Maluma, Mambo Kingz, DJ Luian;OA;;
abr-24;Spotify;#¿NOMBRE?;Armut, Ayparia;Luxuria;;
abr-24;Spotify;#¿NOMBRE?;Taylor Swift;So Long, London;;
abr-24;Spotify;#¿NOMBRE?;Tony Dize, Plan B;Solos (feat. Plan B);;
abr-24;Spotify;#¿NOMBRE?;Gaby Music, Lunay, Luar La L;No Te Quieren Conmigo;;
abr-24;Spotify;#¿NOMBRE?;KAROL G;A Ella;;
abr-24;Spotify;#¿NOMBRE?;Julianno Sosa, Pailita;CARRO RE-KL (with Pailita);;
abr-24;Spotify;#¿NOMBRE?;Brytiago, Anuel AA;Kilerito;;
abr-24;Spotify;#¿NOMBRE?;Los Bunkers;Llueve Sobre La Ciudad;;
abr-24;Spotify;#¿NOMBRE?;Jere Klein, Mateo on the Beatz;UNA EN UN MILLÓN;;
abr-24;Spotify;#¿NOMBRE?;Hades66;Emociones;;
abr-24;Spotify;#¿NOMBRE?;Pablo Antonio, Lamelodiadelhampa;Hello Baby;;
abr-24;Spotify;#¿NOMBRE?;Taylor Swift;I Can Do It With a Broken Heart;;
abr-24;Spotify;#¿NOMBRE?;Djo;End of Beginning;;
abr-24;Spotify;#¿NOMBRE?;Taylor Swift;My Boy Only Breaks His Favorite Toys;;
abr-24;Spotify;#¿NOMBRE?;Los Bunkers;Bailando Solo;;
abr-24;Spotify;#¿NOMBRE?;Taylor Swift;Down Bad;;
abr-24;Spotify;#¿NOMBRE?;KAROL G, Maldy;GATÚBELA;;
abr-24;Spotify;#¿NOMBRE?;Feid, Young Miko;CLASSY 101;;
abr-24;Spotify;#¿NOMBRE?;Lenny Tavárez, Feid;EMPELOTICA;;
may-24;Spotify;#¿NOMBRE?;Cris Mj;SI NO ES CONTIGO;;
may-24;Spotify;#¿NOMBRE?;FloyyMenor, Lewis Somes;APAGA EL CEL;;
may-24;Spotify;#¿NOMBRE?;FloyyMenor, Cris Mj;Gata Only;;
may-24;Spotify;#¿NOMBRE?;Pablo Chill-E, Bryartz;Gitana (feat. Bryartz);;
may-24;Spotify;#¿NOMBRE?;Kidd Voodoo, DrefQuila, Young Cister, Easykid, Swift 047, LOS 4F;Enrolar - Fantastic Four Remix;;
may-24;Spotify;#¿NOMBRE?;Lucky Brown, Nes;Avísame;;
may-24;Spotify;#¿NOMBRE?;Pablo Chill-E, Ñengo Flow, Jere Klein;Bastardo (feat. Ñengo Flow & Jere Klein);;
may-24;Spotify;#¿NOMBRE?;Cris Mj;Daytona;;
may-24;Spotify;#¿NOMBRE?;Lucky Brown, Big Cvyu;Coa Xorete;;
may-24;Spotify;#¿NOMBRE?;eleven1.1, DrefQuila, Kidd Voodoo, Harry Nach, SOULFIA;Escarlata - Remix;;
may-24;Spotify;#¿NOMBRE?;Cris Mj;Que Hay Amor;;
may-24;Spotify;#¿NOMBRE?;Rvssian, Rauw Alejandro, Ayra Starr;Santa;;
may-24;Spotify;#¿NOMBRE?;Kidd Voodoo, Pablo Chill-E, Swift 047;Ese Guille;;
may-24;Spotify;#¿NOMBRE?;Cris Mj, Dei V;Diabólica;;
may-24;Spotify;#¿NOMBRE?;Feid, ATL Jacob;LUNA;;
may-24;Spotify;#¿NOMBRE?;iZaak, JHAYCO, Anuel AA;BBY BOO - REMIX;;
may-24;Spotify;#¿NOMBRE?;Kidd Voodoo, Daiko 02;Minnie <3;;
may-24;Spotify;#¿NOMBRE?;Tiago PZK, Ke Personajes;Piel;;
may-24;Spotify;#¿NOMBRE?;Ak4:20, J Alvarez;2012;;
may-24;Spotify;#¿NOMBRE?;Jere Klein, Nickoog Clk, Lucky Brown, El BAI;PRINCESITA DE ...;;
may-24;Spotify;#¿NOMBRE?;ITHAN NY, Ak4:20;MA DIAMANTE;;
may-24;Spotify;#¿NOMBRE?;Kidd Voodoo, Dysbit;#¿NOMBRE?;;
may-24;Spotify;#¿NOMBRE?;Jere Klein, Cris Mj;LOCA FARANDULERA;;
may-24;Spotify;#¿NOMBRE?;Cris Mj;QUICKIE;;
may-24;Spotify;#¿NOMBRE?;Myke Towers, Bad Bunny;ADIVINO;;
may-24;Spotify;#¿NOMBRE?;Kidd Voodoo, Swift 047;Grabándote:);;
may-24;Spotify;#¿NOMBRE?;DrefQuila, Kidd Voodoo, Easykid, Ovyze;La Receta;;
may-24;Spotify;#¿NOMBRE?;FloyyMenor, Lucky Brown;ME GUSTA;;
may-24;Spotify;#¿NOMBRE?;Cris Mj;Partyson;;
may-24;Spotify;#¿NOMBRE?;Lucky Brown, Jere Klein, Mateo on the Beatz;¿Cuál Es Su Nombre?;;
may-24;Spotify;#¿NOMBRE?;Plan B;Es un Secreto;;
may-24;Spotify;#¿NOMBRE?;Kidd Voodoo, DrefQuila, Swift 047;Enrolar;;
may-24;Spotify;#¿NOMBRE?;Katteyes, Kidd Voodoo;Tas Texteandome;;
may-24;Spotify;#¿NOMBRE?;Kidd Voodoo, Young Cister;Fashion Girl - Remix;;
may-24;Spotify;#¿NOMBRE?;Kidd Voodoo, LACUEVA;Recuérdame </3;;
may-24;Spotify;#¿NOMBRE?;Young Miko, Feid;offline;;
may-24;Spotify;#¿NOMBRE?;Sayian Jimmy, Nysix Music, CamiMusic;Bad Boy;;
may-24;Spotify;#¿NOMBRE?;Jere Klein, Gittobeatz;ANDO;;
may-24;Spotify;#¿NOMBRE?;KAROL G, Peso Pluma;QLONA;;
may-24;Spotify;#¿NOMBRE?;Manuel Turizo;La Bachata;;
may-24;Spotify;#¿NOMBRE?;Standly;Vida Peligrosa;;
may-24;Spotify;#¿NOMBRE?;KAROL G;AMARGURA;;
may-24;Spotify;#¿NOMBRE?;Jere Klein, Nicki Nicole;X ESO BB;;
may-24;Spotify;#¿NOMBRE?;Myke Towers;LA FALDA;;
may-24;Spotify;#¿NOMBRE?;Renn, Yexel;Maquillaje;;
may-24;Spotify;#¿NOMBRE?;Cris Mj;La Noche Está;;
may-24;Spotify;#¿NOMBRE?;Alvaro Diaz, Feid;GATITAS SANDUNGUERAS - VOL.1;;
may-24;Spotify;#¿NOMBRE?;Jere Klein;NO HAY 14F;;
may-24;Spotify;#¿NOMBRE?;Milo j;M.A.I;;
may-24;Spotify;#¿NOMBRE?;Pablo Chill-E;Resentia;;
may-24;Spotify;#¿NOMBRE?;Billie Eilish;LUNCH;;
may-24;Spotify;#¿NOMBRE?;Jere Klein, Mateo on the Beatz, EL MURCIELAGO;KE MAL;;
may-24;Spotify;#¿NOMBRE?;Sevdaliza, Villano Antillano, Tokischa;Ride Or Die, Pt. 2 (with Villano Antillano & Tokischa);;
may-24;Spotify;#¿NOMBRE?;Aventura;El Perdedor;;
may-24;Spotify;#¿NOMBRE?;Sabrina Carpenter;Espresso;;
may-24;Spotify;#¿NOMBRE?;Tobal Mj, Cris Mj, Kail BRL;Que Brille Sola Mami;;
may-24;Spotify;#¿NOMBRE?;Tony Dize, Plan B;Solos (feat. Plan B);;
may-24;Spotify;#¿NOMBRE?;Aventura;Dile al Amor;;
may-24;Spotify;#¿NOMBRE?;Billie Eilish;CHIHIRO;;
may-24;Spotify;#¿NOMBRE?;Bhavi, Seven Kayne, Milo j, Tiago PZK, KHEA, Neo Pistea;BESAME (feat. Tiago PZK, Khea & Neo Pistea) - Remix;;
may-24;Spotify;#¿NOMBRE?;Bad Bunny, Feid;PERRO NEGRO;;
may-24;Spotify;#¿NOMBRE?;Nickoog Clk, Jere Klein;XQ TAN SOLA?;;
may-24;Spotify;#¿NOMBRE?;Lucky Brown, Nickoog Clk, Mateo on the Beatz;Ay Parcera;;
may-24;Spotify;#¿NOMBRE?;YSY A, Jere Klein, ONIRIA;24/7 6.5;;
may-24;Spotify;#¿NOMBRE?;KAROL G;MI EX TENÍA RAZÓN;;
may-24;Spotify;#¿NOMBRE?;Feid, Yandel;Brickell;;
may-24;Spotify;#¿NOMBRE?;Morad, Beny Jr, Rvfv;Lo Que Tiene;;
may-24;Spotify;#¿NOMBRE?;Pablo Chill-E, Pailita;Cora Roto (feat. Pailita);;
may-24;Spotify;#¿NOMBRE?;Cris Mj;No Ando Weando;;
may-24;Spotify;#¿NOMBRE?;Big One, FMK, Ke Personajes;Un Finde | CROSSOVER #2;;
may-24;Spotify;#¿NOMBRE?;Maluma, Carin Leon;Según Quién;;
may-24;Spotify;#¿NOMBRE?;DrefQuila, Fuka, Red Fingers;Un Call;;
may-24;Spotify;#¿NOMBRE?;Rauw Alejandro;DILUVIO;;
may-24;Spotify;#¿NOMBRE?;Carin Leon;Primera Cita;;
may-24;Spotify;#¿NOMBRE?;FloyyMenor;pa la europa;;
may-24;Spotify;#¿NOMBRE?;Aventura;Los Infieles;;
may-24;Spotify;#¿NOMBRE?;Billie Eilish;BIRDS OF A FEATHER;;
may-24;Spotify;#¿NOMBRE?;Gaby Music, Lunay, Luar La L;No Te Quieren Conmigo;;
may-24;Spotify;#¿NOMBRE?;Los Bunkers;Llueve Sobre La Ciudad;;
may-24;Spotify;#¿NOMBRE?;Cris Mj, Yan Block;333;;
may-24;Spotify;#¿NOMBRE?;La Oreja de Van Gogh;Rosas;;
may-24;Spotify;#¿NOMBRE?;Aventura;El Malo;;
may-24;Spotify;#¿NOMBRE?;Benson Boone;Beautiful Things;;
may-24;Spotify;#¿NOMBRE?;Trueno;REAL GANGSTA LOVE;;
may-24;Spotify;#¿NOMBRE?;YOVNGCHIMI, Dei V;TU$$I (with Dei V);;
may-24;Spotify;#¿NOMBRE?;Feid, Young Miko;CLASSY 101;;
may-24;Spotify;#¿NOMBRE?;Chayanne;Bailando Bachata;;
may-24;Spotify;#¿NOMBRE?;Aventura, Don Omar;Ella Y Yo - Featuring Don Omar;;
may-24;Spotify;#¿NOMBRE?;Gino Mella, Dani Flow, LIT killah, Juhn, Jairo Vera, Sayian Jimmy, Nysix Music, CamiMusic, Montana the Producer;BAD BOY (feat. Juhn, Jairo Vera, Sayian Jimmy, Nysix Music, CamiMusic & Montana the Producer) - Remix;;
may-24;Spotify;#¿NOMBRE?;El Jordan 23, los patos feos inc, Nes;Cabaña;;
may-24;Spotify;#¿NOMBRE?;Rauw Alejandro, Chencho Corleone;Desesperados;;
may-24;Spotify;#¿NOMBRE?;Mesita, Nicki Nicole, Tiago PZK, Emilia;Una Foto Remix (feat. Emilia);;
may-24;Spotify;#¿NOMBRE?;Artemas;i like the way you kiss me;;
may-24;Spotify;#¿NOMBRE?;Kidd Voodoo, Resonancia Etérea;Confortas Pero Dañas;;
may-24;Spotify;#¿NOMBRE?;The Weeknd, JENNIE, Lily-Rose Depp;One Of The Girls (with JENNIE, Lily Rose Depp);;
may-24;Spotify;#¿NOMBRE?;KAROL G, Romeo Santos;X SI VOLVEMOS;;
may-24;Spotify;#¿NOMBRE?;Anuel AA, Haze;Amanece;;
may-24;Spotify;#¿NOMBRE?;KAROL G, Shakira;TQG;;
may-24;Spotify;#¿NOMBRE?;Julianno Sosa, Jairo Vera;PASAJES PÁ ORLANDO (with Jairo Vera);;
may-24;Spotify;#¿NOMBRE?;Armut, Ayparia;Luxuria;;
jun-24;Spotify;#¿NOMBRE?;Cris Mj;SI NO ES CONTIGO;;
jun-24;Spotify;#¿NOMBRE?;Trueno;REAL GANGSTA LOVE;;
jun-24;Spotify;#¿NOMBRE?;Cris Mj;No Ponga Excusas;;
jun-24;Spotify;#¿NOMBRE?;FloyyMenor, Cris Mj;Gata Only;;
jun-24;Spotify;#¿NOMBRE?;Jere Klein, Lucky Brown, Adan La Amenaza;MUJER FINA;;
jun-24;Spotify;#¿NOMBRE?;KAROL G;Si Antes Te Hubiera Conocido;;
jun-24;Spotify;#¿NOMBRE?;FloyyMenor, Lewis Somes;APAGA EL CEL;;
jun-24;Spotify;#¿NOMBRE?;Pablo Chill-E, Bryartz;Gitana (feat. Bryartz);;
jun-24;Spotify;#¿NOMBRE?;Kidd Voodoo, DrefQuila, Young Cister, Easykid, Swift 047, LOS 4F;Enrolar - Fantastic Four Remix;;
jun-24;Spotify;#¿NOMBRE?;Jere Klein, El BAI, Dj Osar, Mateo on the Beatz;SOLO DIME;;
jun-24;Spotify;#¿NOMBRE?;Lucky Brown, Nes;Avísame;;
jun-24;Spotify;#¿NOMBRE?;Cris Mj;Daytona;;
jun-24;Spotify;#¿NOMBRE?;Cris Mj;Que Hay Amor;;
jun-24;Spotify;#¿NOMBRE?;Feid, ATL Jacob;LUNA;;
jun-24;Spotify;#¿NOMBRE?;Pablo Chill-E, Ñengo Flow, Jere Klein;Bastardo (feat. Ñengo Flow & Jere Klein);;
jun-24;Spotify;#¿NOMBRE?;Young Cister;miau;;
jun-24;Spotify;#¿NOMBRE?;Lucky Brown, Big Cvyu;Coa Xorete;;
jun-24;Spotify;#¿NOMBRE?;Rvssian, Rauw Alejandro, Ayra Starr;Santa;;
jun-24;Spotify;#¿NOMBRE?;Jere Klein, Axl Boore, EL MURCIELAGO;REELS;;
jun-24;Spotify;#¿NOMBRE?;eleven1.1, DrefQuila, Kidd Voodoo, Harry Nach, SOULFIA;Escarlata - Remix;;
jun-24;Spotify;#¿NOMBRE?;Dei V, Cris Mj;Rapido (with Cris Mj);;
jun-24;Spotify;#¿NOMBRE?;Tiago PZK, Ke Personajes;Piel;;
jun-24;Spotify;#¿NOMBRE?;Kidd Voodoo, Pablo Chill-E, Swift 047;Ese Guille;;
jun-24;Spotify;#¿NOMBRE?;Cris Mj, Dei V;Diabólica;;
jun-24;Spotify;#¿NOMBRE?;Plan B;Es un Secreto;;
jun-24;Spotify;#¿NOMBRE?;iZaak, JHAYCO, Anuel AA;BBY BOO - REMIX;;
jun-24;Spotify;#¿NOMBRE?;Myke Towers, Bad Bunny;ADIVINO;;
jun-24;Spotify;#¿NOMBRE?;Feid;SORRY 4 THAT MUCH;;
jun-24;Spotify;#¿NOMBRE?;Kidd Voodoo, Daiko 02;Minnie <3;;
jun-24;Spotify;#¿NOMBRE?;Sabrina Carpenter;Please Please Please;;
jun-24;Spotify;#¿NOMBRE?;Jere Klein, Nickoog Clk, Lucky Brown, El BAI;PRINCESITA DE ...;;
jun-24;Spotify;#¿NOMBRE?;Manuel Turizo;La Bachata;;
jun-24;Spotify;#¿NOMBRE?;FloyyMenor, Lucky Brown;ME GUSTA;;
jun-24;Spotify;#¿NOMBRE?;Jere Klein, Adan La Amenaza;LA BANDA;;
jun-24;Spotify;#¿NOMBRE?;Jere Klein, Lil Pump, Mateo on the Beatz;YUMMY!;;
jun-24;Spotify;#¿NOMBRE?;Lucky Brown, Jere Klein, Mateo on the Beatz;¿Cuál Es Su Nombre?;;
jun-24;Spotify;#¿NOMBRE?;Tobal Mj, Cris Mj, Kail BRL;Que Brille Sola Mami;;
jun-24;Spotify;#¿NOMBRE?;Cris Mj;Partyson;;
jun-24;Spotify;#¿NOMBRE?;KAROL G;AMARGURA;;
jun-24;Spotify;#¿NOMBRE?;Jere Klein, Nes, Mateo on the Beatz;BLANKITA COMO NIEVE;;
jun-24;Spotify;#¿NOMBRE?;Kidd Voodoo, Swift 047;Grabándote:);;
jun-24;Spotify;#¿NOMBRE?;DrefQuila, Kidd Voodoo, Easykid, Ovyze;La Receta;;
jun-24;Spotify;#¿NOMBRE?;Sabrina Carpenter;Espresso;;
jun-24;Spotify;#¿NOMBRE?;Los Ángeles Azules, Emilia;Perdonarte, ¿Para Qué?;;
jun-24;Spotify;#¿NOMBRE?;Young Miko, Feid;offline;;
jun-24;Spotify;#¿NOMBRE?;KAROL G, Peso Pluma;QLONA;;
jun-24;Spotify;#¿NOMBRE?;ITHAN NY, Ak4:20;MA DIAMANTE;;
jun-24;Spotify;#¿NOMBRE?;Ak4:20, J Alvarez;2012;;
jun-24;Spotify;#¿NOMBRE?;Katteyes, Kidd Voodoo;Tas Texteandome;;
jun-24;Spotify;#¿NOMBRE?;Cris Mj;QUICKIE;;
jun-24;Spotify;#¿NOMBRE?;Kidd Voodoo, Dysbit;#¿NOMBRE?;;
jun-24;Spotify;#¿NOMBRE?;Kidd Voodoo, Young Cister;Fashion Girl - Remix;;
jun-24;Spotify;#¿NOMBRE?;Kidd Voodoo, LACUEVA;Recuérdame </3;;
jun-24;Spotify;#¿NOMBRE?;Tony Dize, Plan B;Solos (feat. Plan B);;
jun-24;Spotify;#¿NOMBRE?;KAROL G;MI EX TENÍA RAZÓN;;
jun-24;Spotify;#¿NOMBRE?;Jere Klein, Cris Mj;LOCA FARANDULERA;;
jun-24;Spotify;#¿NOMBRE?;Cris Mj;La Noche Está;;
jun-24;Spotify;#¿NOMBRE?;Standly;Vida Peligrosa;;
jun-24;Spotify;#¿NOMBRE?;Jere Klein, Gittobeatz;ANDO;;
jun-24;Spotify;#¿NOMBRE?;Billie Eilish;BIRDS OF A FEATHER;;
jun-24;Spotify;#¿NOMBRE?;Blessd, Ovy On The Drums;Mírame;;
jun-24;Spotify;#¿NOMBRE?;Alvaro Diaz, Feid;GATITAS SANDUNGUERAS - VOL.1;;
jun-24;Spotify;#¿NOMBRE?;Kidd Voodoo, DrefQuila, Swift 047;Enrolar;;
jun-24;Spotify;#¿NOMBRE?;FloyyMenor;pa la europa;;
jun-24;Spotify;#¿NOMBRE?;Sayian Jimmy, Nysix Music, CamiMusic;Bad Boy;;
jun-24;Spotify;#¿NOMBRE?;Jere Klein, Marcianeke, DONNER;ANDAMOS READY;;
jun-24;Spotify;#¿NOMBRE?;J Abdiel, De La Rose, Yan Block, iZaak, Jay Wheeler;WYA REMIX RED;;
jun-24;Spotify;#¿NOMBRE?;J Abdiel, Anuel AA, Blessd, iZaak, Pirlo;WYA REMIX BLACK AND YELLOW (feat. iZaak & Pirlo);;
jun-24;Spotify;#¿NOMBRE?;Bad Bunny, Feid;PERRO NEGRO;;
jun-24;Spotify;#¿NOMBRE?;Almighty;Solida;;
jun-24;Spotify;#¿NOMBRE?;Lucky Brown, Nickoog Clk, Mateo on the Beatz;Ay Parcera;;
jun-24;Spotify;#¿NOMBRE?;Milo j;M.A.I;;
jun-24;Spotify;#¿NOMBRE?;Jere Klein, Nicki Nicole;X ESO BB;;
jun-24;Spotify;#¿NOMBRE?;Maluma, Carin Leon;Según Quién;;
jun-24;Spotify;#¿NOMBRE?;Big One, FMK, Ke Personajes;Un Finde | CROSSOVER #2;;
jun-24;Spotify;#¿NOMBRE?;Carin Leon;Primera Cita;;
jun-24;Spotify;#¿NOMBRE?;Becky G, Ángela Aguilar, Leonardo Aguilar;POR EL CONTRARIO (with Angela Aguilar & Leonardo Aguilar);;
jun-24;Spotify;#¿NOMBRE?;Feid, Young Miko;CLASSY 101;;
jun-24;Spotify;#¿NOMBRE?;Harry Styles;As It Was;;
jun-24;Spotify;#¿NOMBRE?;Nickoog Clk, Jere Klein;XQ TAN SOLA?;;
jun-24;Spotify;#¿NOMBRE?;Myke Towers;LA FALDA;;
jun-24;Spotify;#¿NOMBRE?;Anuel AA, Haze;Amanece;;
jun-24;Spotify;#¿NOMBRE?;Tony Dize, Yandel;Permitame (feat. Yandel);;
jun-24;Spotify;#¿NOMBRE?;Soda Stereo;Trátame Suavemente - Remasterizado 2007;;
jun-24;Spotify;#¿NOMBRE?;Pablo Chill-E, Pailita;Cora Roto (feat. Pailita);;
jun-24;Spotify;#¿NOMBRE?;Milo j, Taiu;Rara Vez;;
jun-24;Spotify;#¿NOMBRE?;ITHAN NY, CDobleta, BlopaOnTheTrack;ORO MACIZO;;
jun-24;Spotify;#¿NOMBRE?;Marshmello, Manuel Turizo;El Merengue;;
jun-24;Spotify;#¿NOMBRE?;Armut, Ayparia;Luxuria;;
jun-24;Spotify;#¿NOMBRE?;Cris Mj;No Ando Weando;;
jun-24;Spotify;#¿NOMBRE?;Don Omar;Dile;;
jun-24;Spotify;#¿NOMBRE?;Christian Nodal;Ya No Somos Ni Seremos;;
jun-24;Spotify;#¿NOMBRE?;Trueno, Nicki Nicole, Bizarrap, Taiu, TATOOL;Mamichula - con Nicki Nicole;;
jun-24;Spotify;#¿NOMBRE?;Bayron Fire;Me Pongo Bonito;;
jun-24;Spotify;#¿NOMBRE?;KAROL G, Cris Mj, Ryan Castro;UNA NOCHE EN MEDELLÍN - REMIX;;
jun-24;Spotify;#¿NOMBRE?;Lucky Brown, La Joaqui, De La Ghetto, Adan La Amenaza;Privado (Remix);;
jun-24;Spotify;#¿NOMBRE?;TINI, Maria Becerra;Miénteme;;
jun-24;Spotify;#¿NOMBRE?;Benson Boone;Beautiful Things;;
jun-24;Spotify;#¿NOMBRE?;Brytiago, Anuel AA;Kilerito;;
jun-24;Spotify;#¿NOMBRE?;Los Bunkers;Llueve Sobre La Ciudad;;
jul-24;Spotify;#¿NOMBRE?;Cris Mj;No Ponga Excusas;;
jul-24;Spotify;#¿NOMBRE?;FloyyMenor, Lewis Somes;APAGA EL CEL;;
jul-24;Spotify;#¿NOMBRE?;Cris Mj;SI NO ES CONTIGO;;
jul-24;Spotify;#¿NOMBRE?;Fran C, Jere Klein;Mi Automóvil;;
jul-24;Spotify;#¿NOMBRE?;Blessd, Ovy On The Drums;Mírame;;
jul-24;Spotify;#¿NOMBRE?;FloyyMenor;PELIGROSA;;
jul-24;Spotify;#¿NOMBRE?;KAROL G;Si Antes Te Hubiera Conocido;;
jul-24;Spotify;#¿NOMBRE?;FloyyMenor, Cris Mj;Gata Only;;
jul-24;Spotify;#¿NOMBRE?;Trueno;REAL GANGSTA LOVE;;
jul-24;Spotify;#¿NOMBRE?;Kidd Voodoo, La Joaqui, Dysbit;Instinto;;
jul-24;Spotify;#¿NOMBRE?;Jere Klein, Lucky Brown, Adan La Amenaza;MUJER FINA;;
jul-24;Spotify;#¿NOMBRE?;Jimin;Who;;
jul-24;Spotify;#¿NOMBRE?;Bryant Myers, Cris Mj;Tuss;;
jul-24;Spotify;#¿NOMBRE?;Feid, ATL Jacob;LUNA;;
jul-24;Spotify;#¿NOMBRE?;Pablo Chill-E, Bryartz;Gitana (feat. Bryartz);;
jul-24;Spotify;#¿NOMBRE?;Kidd Voodoo, DrefQuila, Young Cister, Easykid, Swift 047, LOS 4F;Enrolar - Fantastic Four Remix;;
jul-24;Spotify;#¿NOMBRE?;Cris Mj;Daytona;;
jul-24;Spotify;#¿NOMBRE?;Jere Klein, Axl Boore, EL MURCIELAGO;REELS;;
jul-24;Spotify;#¿NOMBRE?;Cris Mj, Dei V;Diabólica;;
jul-24;Spotify;#¿NOMBRE?;Lucky Brown, Nes;Avísame;;
jul-24;Spotify;#¿NOMBRE?;Jere Klein, El BAI, Dj Osar, Mateo on the Beatz;SOLO DIME;;
jul-24;Spotify;#¿NOMBRE?;Tiago PZK, Ke Personajes;Piel;;
jul-24;Spotify;#¿NOMBRE?;Rvssian, Rauw Alejandro, Ayra Starr;Santa;;
jul-24;Spotify;#¿NOMBRE?;eleven1.1, DrefQuila, Kidd Voodoo, Harry Nach, SOULFIA;Escarlata - Remix;;
jul-24;Spotify;#¿NOMBRE?;Plan B;Es un Secreto;;
jul-24;Spotify;#¿NOMBRE?;Pablo Chill-E, Ñengo Flow, Jere Klein;Bastardo (feat. Ñengo Flow & Jere Klein);;
jul-24;Spotify;#¿NOMBRE?;Lucky Brown, Big Cvyu;Coa Xorete;;
jul-24;Spotify;#¿NOMBRE?;Gino Mella, Julianno Sosa, Moustache;LUNA DILE;;
jul-24;Spotify;#¿NOMBRE?;Young Cister;miau;;
jul-24;Spotify;#¿NOMBRE?;Myke Towers, Bad Bunny;ADIVINO;;
jul-24;Spotify;#¿NOMBRE?;Big One, Maria Becerra, Trueno;Cuando Te Vi | CROSSOVER #5;;
jul-24;Spotify;#¿NOMBRE?;KAROL G;AMARGURA;;
jul-24;Spotify;#¿NOMBRE?;Lucky Brown, Jere Klein, Mateo on the Beatz;¿Cuál Es Su Nombre?;;
jul-24;Spotify;#¿NOMBRE?;KAROL G, Peso Pluma;QLONA;;
jul-24;Spotify;#¿NOMBRE?;Manuel Turizo;La Bachata;;
jul-24;Spotify;#¿NOMBRE?;Cris Mj;Que Hay Amor;;
jul-24;Spotify;#¿NOMBRE?;Jere Klein, Nickoog Clk, Lucky Brown, El BAI;PRINCESITA DE ...;;
jul-24;Spotify;#¿NOMBRE?;Kidd Voodoo, Pablo Chill-E, Swift 047;Ese Guille;;
jul-24;Spotify;#¿NOMBRE?;Tobal Mj, Cris Mj, Kail BRL;Que Brille Sola Mami;;
jul-24;Spotify;#¿NOMBRE?;Tony Dize, Plan B;Solos (feat. Plan B);;
jul-24;Spotify;#¿NOMBRE?;Kapo;Ohnana;;
jul-24;Spotify;#¿NOMBRE?;Kidd Voodoo, Daiko 02;Minnie <3;;
jul-24;Spotify;#¿NOMBRE?;iZaak, JHAYCO, Anuel AA;BBY BOO - REMIX;;
jul-24;Spotify;#¿NOMBRE?;Los Ángeles Azules, Emilia;Perdonarte, ¿Para Qué?;;
jul-24;Spotify;#¿NOMBRE?;FloyyMenor, Lucky Brown;ME GUSTA;;
jul-24;Spotify;#¿NOMBRE?;KAROL G;MI EX TENÍA RAZÓN;;
jul-24;Spotify;#¿NOMBRE?;Myke Towers;LA FALDA;;
jul-24;Spotify;#¿NOMBRE?;Cris Mj;Partyson;;
jul-24;Spotify;#¿NOMBRE?;Dei V, Cris Mj;Rapido (with Cris Mj);;
jul-24;Spotify;#¿NOMBRE?;Valentino Merlo, The La Planta;Hoy;;
jul-24;Spotify;#¿NOMBRE?;ITHAN NY, FloyyMenor, De La Ghetto;ANDO CON EL KI;;
jul-24;Spotify;#¿NOMBRE?;Feid;SORRY 4 THAT MUCH;;
jul-24;Spotify;#¿NOMBRE?;Panda Black, Cris Mj;Pensamos Rapido;;
jul-24;Spotify;#¿NOMBRE?;Kidd Voodoo, Swift 047;Grabándote:);;
jul-24;Spotify;#¿NOMBRE?;Jere Klein, Cris Mj;LOCA FARANDULERA;;
jul-24;Spotify;#¿NOMBRE?;Sabrina Carpenter;Please Please Please;;
jul-24;Spotify;#¿NOMBRE?;Cris Mj;QUICKIE;;
jul-24;Spotify;#¿NOMBRE?;J Abdiel, De La Rose, Yan Block, iZaak, Jay Wheeler;WYA REMIX RED;;
jul-24;Spotify;#¿NOMBRE?;Jere Klein, Adan La Amenaza;LA BANDA;;
jul-24;Spotify;#¿NOMBRE?;Jere Klein, Gittobeatz;ANDO;;
jul-24;Spotify;#¿NOMBRE?;Piero 47, JC Reyes, ITHAN NY, Ak4:20, Cris Mj, Distobal;Amiri Jeans - Remix;;
jul-24;Spotify;#¿NOMBRE?;Billie Eilish;BIRDS OF A FEATHER;;
jul-24;Spotify;#¿NOMBRE?;Katteyes, Kidd Voodoo;Tas Texteandome;;
jul-24;Spotify;#¿NOMBRE?;Jere Klein, Nes, Mateo on the Beatz;BLANKITA COMO NIEVE;;
jul-24;Spotify;#¿NOMBRE?;DrefQuila, Kidd Voodoo, Easykid, Ovyze;La Receta;;
jul-24;Spotify;#¿NOMBRE?;Big One, FMK, Ke Personajes;Un Finde | CROSSOVER #2;;
jul-24;Spotify;#¿NOMBRE?;Cris Mj;La Noche Está;;
jul-24;Spotify;#¿NOMBRE?;Sabrina Carpenter;Espresso;;
jul-24;Spotify;#¿NOMBRE?;KAROL G, Shakira;TQG;;
jul-24;Spotify;#¿NOMBRE?;a-ha;Take on Me;;
jul-24;Spotify;#¿NOMBRE?;Bad Bunny, Feid;PERRO NEGRO;;
jul-24;Spotify;#¿NOMBRE?;Kidd Voodoo, Young Cister;Fashion Girl - Remix;;
jul-24;Spotify;#¿NOMBRE?;Grupo Frontera, Ke Personajes;OJITOS ROJOS;;
jul-24;Spotify;#¿NOMBRE?;Carin Leon;Primera Cita;;
jul-24;Spotify;#¿NOMBRE?;Young Miko, Feid;offline;;
jul-24;Spotify;#¿NOMBRE?;Boza, ELENA ROSE;orióN;;
jul-24;Spotify;#¿NOMBRE?;ITHAN NY, Ak4:20;MA DIAMANTE;;
jul-24;Spotify;#¿NOMBRE?;Milo j;3 PECADOS DESPUES…;;
jul-24;Spotify;#¿NOMBRE?;Jere Klein, Nicki Nicole;X ESO BB;;
jul-24;Spotify;#¿NOMBRE?;Jere Klein, Lil Pump, Mateo on the Beatz;YUMMY!;;
jul-24;Spotify;#¿NOMBRE?;Almighty;Solida;;
jul-24;Spotify;#¿NOMBRE?;KAROL G;PROVENZA;;
jul-24;Spotify;#¿NOMBRE?;Anuel AA, Haze;Amanece;;
jul-24;Spotify;#¿NOMBRE?;Lleflight, Gino Mella;Bellavista;;
jul-24;Spotify;#¿NOMBRE?;Stray Kids;Chk Chk Boom;;
jul-24;Spotify;#¿NOMBRE?;Kidd Voodoo, Dysbit;#¿NOMBRE?;;
jul-24;Spotify;#¿NOMBRE?;Standly;Vida Peligrosa;;
jul-24;Spotify;#¿NOMBRE?;Julieta Venegas;Me Voy;;
jul-24;Spotify;#¿NOMBRE?;Feid, Young Miko;CLASSY 101;;
jul-24;Spotify;#¿NOMBRE?;Kidd Voodoo, LACUEVA;Recuérdame </3;;
jul-24;Spotify;#¿NOMBRE?;Fran Maira;Amiga Ya Mató;;
jul-24;Spotify;#¿NOMBRE?;Marshmello, Manuel Turizo;El Merengue;;
jul-24;Spotify;#¿NOMBRE?;Easykid, Dysbit;TNT;;
jul-24;Spotify;#¿NOMBRE?;Rauw Alejandro;Cúrame;;
jul-24;Spotify;#¿NOMBRE?;Harry Styles;As It Was;;
jul-24;Spotify;#¿NOMBRE?;Tony Dize, Yandel;Permitame (feat. Yandel);;
jul-24;Spotify;#¿NOMBRE?;KAROL G;MIENTRAS ME CURO DEL CORA;;
jul-24;Spotify;#¿NOMBRE?;The Police;Every Breath You Take;;
jul-24;Spotify;#¿NOMBRE?;Becky G, Ángela Aguilar, Leonardo Aguilar;POR EL CONTRARIO (with Angela Aguilar & Leonardo Aguilar);;
jul-24;Spotify;#¿NOMBRE?;Martinwhite, NEMJ;CHINGON;;
ago-24;Spotify;#¿NOMBRE?;Jere Klein, Mateo on the Beatz, EL MURCIELAGO;CHIKA MALA;;
ago-24;Spotify;#¿NOMBRE?;KAROL G;Si Antes Te Hubiera Conocido;;
ago-24;Spotify;#¿NOMBRE?;FloyyMenor;PELIGROSA;;
ago-24;Spotify;#¿NOMBRE?;Cris Mj;No Ponga Excusas;;
ago-24;Spotify;#¿NOMBRE?;FloyyMenor, Lewis Somes;TU TA RICA;;
ago-24;Spotify;#¿NOMBRE?;Cris Mj;SI NO ES CONTIGO;;
ago-24;Spotify;#¿NOMBRE?;Jimin;Who;;
ago-24;Spotify;#¿NOMBRE?;Fran C, Jere Klein;Mi Automóvil;;
ago-24;Spotify;#¿NOMBRE?;Blessd, Ovy On The Drums;Mírame;;
ago-24;Spotify;#¿NOMBRE?;Kapo;UWAIE;;
ago-24;Spotify;#¿NOMBRE?;BRUNO MATEUS;Sola Suelta Soltera - Intro - Remix;;
ago-24;Spotify;#¿NOMBRE?;Kapo;Ohnana;;
ago-24;Spotify;#¿NOMBRE?;Bryant Myers, Cris Mj;Tuss;;
ago-24;Spotify;#¿NOMBRE?;Jere Klein, Lucky Brown, Adan La Amenaza;MUJER FINA;;
ago-24;Spotify;#¿NOMBRE?;Feid, ATL Jacob;LUNA;;
ago-24;Spotify;#¿NOMBRE?;Nes, Cris Mj;QUE LE DE;;
ago-24;Spotify;#¿NOMBRE?;Tiago PZK, Ke Personajes;Piel;;
ago-24;Spotify;#¿NOMBRE?;FloyyMenor, Cris Mj;Gata Only;;
ago-24;Spotify;#¿NOMBRE?;Kidd Voodoo, La Joaqui, Dysbit;Instinto;;
ago-24;Spotify;#¿NOMBRE?;Lady Gaga, Bruno Mars;Die With A Smile;;
ago-24;Spotify;#¿NOMBRE?;FloyyMenor, Lewis Somes;APAGA EL CEL;;
ago-24;Spotify;#¿NOMBRE?;Trueno;REAL GANGSTA LOVE;;
ago-24;Spotify;#¿NOMBRE?;Cris Mj;Daytona;;
ago-24;Spotify;#¿NOMBRE?;Plan B;Es un Secreto;;
ago-24;Spotify;#¿NOMBRE?;eleven1.1, DrefQuila, Kidd Voodoo, Harry Nach, SOULFIA;Escarlata - Remix;;
ago-24;Spotify;#¿NOMBRE?;Kidd Voodoo, DrefQuila, Young Cister, Easykid, Swift 047, LOS 4F;Enrolar - Fantastic Four Remix;;
ago-24;Spotify;#¿NOMBRE?;Pablo Chill-E, Bryartz;Gitana (feat. Bryartz);;
ago-24;Spotify;#¿NOMBRE?;Almighty;Solida;;
ago-24;Spotify;#¿NOMBRE?;Cris Mj, Dei V;Diabólica;;
ago-24;Spotify;#¿NOMBRE?;Valentino Merlo, The La Planta;Hoy;;
ago-24;Spotify;#¿NOMBRE?;Young Cister, CJota;misteriosa (xulinho);;
ago-24;Spotify;#¿NOMBRE?;Rvssian, Rauw Alejandro, Ayra Starr;Santa;;
ago-24;Spotify;#¿NOMBRE?;Dei V, Cris Mj;Rapido (with Cris Mj);;
ago-24;Spotify;#¿NOMBRE?;Jere Klein, Axl Boore, EL MURCIELAGO;REELS;;
ago-24;Spotify;#¿NOMBRE?;KAROL G;AMARGURA;;
ago-24;Spotify;#¿NOMBRE?;Los Ángeles Azules, Emilia;Perdonarte, ¿Para Qué?;;
ago-24;Spotify;#¿NOMBRE?;Lucky Brown, Nes;Avísame;;
ago-24;Spotify;#¿NOMBRE?;Maisak, Feid;SE ME OLVIDA;;
ago-24;Spotify;#¿NOMBRE?;KAROL G, Peso Pluma;QLONA;;
ago-24;Spotify;#¿NOMBRE?;Manuel Turizo;La Bachata;;
ago-24;Spotify;#¿NOMBRE?;Pablo Chill-E, Ñengo Flow, Jere Klein;Bastardo (feat. Ñengo Flow & Jere Klein);;
ago-24;Spotify;#¿NOMBRE?;Lucky Brown, Big Cvyu;Coa Xorete;;
ago-24;Spotify;#¿NOMBRE?;Sabrina Carpenter;Please Please Please;;
ago-24;Spotify;#¿NOMBRE?;KAROL G;MI EX TENÍA RAZÓN;;
ago-24;Spotify;#¿NOMBRE?;Jere Klein, Nickoog Clk, Lucky Brown, El BAI;PRINCESITA DE ...;;
ago-24;Spotify;#¿NOMBRE?;Billie Eilish;BIRDS OF A FEATHER;;
ago-24;Spotify;#¿NOMBRE?;Myke Towers, Bad Bunny;ADIVINO;;
ago-24;Spotify;#¿NOMBRE?;Big One, Maria Becerra, Trueno;Cuando Te Vi | CROSSOVER #5;;
ago-24;Spotify;#¿NOMBRE?;Myke Towers;LA FALDA;;
ago-24;Spotify;#¿NOMBRE?;Young Cister;miau;;
ago-24;Spotify;#¿NOMBRE?;Sabrina Carpenter;Espresso;;
ago-24;Spotify;#¿NOMBRE?;Jere Klein, El BAI, Dj Osar, Mateo on the Beatz;SOLO DIME;;
ago-24;Spotify;#¿NOMBRE?;Maluma, Carin Leon;Según Quién;;
ago-24;Spotify;#¿NOMBRE?;Tobal Mj, Cris Mj, Kail BRL;Que Brille Sola Mami;;
ago-24;Spotify;#¿NOMBRE?;Tony Dize, Plan B;Solos (feat. Plan B);;
ago-24;Spotify;#¿NOMBRE?;Feid;SORRY 4 THAT MUCH;;
ago-24;Spotify;#¿NOMBRE?;Cris Mj;Que Hay Amor;;
ago-24;Spotify;#¿NOMBRE?;La Oreja de Van Gogh;Rosas;;
ago-24;Spotify;#¿NOMBRE?;Cris Mj;Partyson;;
ago-24;Spotify;#¿NOMBRE?;Lucky Brown, Jere Klein, Mateo on the Beatz;¿Cuál Es Su Nombre?;;
ago-24;Spotify;#¿NOMBRE?;LISA, ROSALÍA;New Woman (feat. ROSALÍA);;
ago-24;Spotify;#¿NOMBRE?;Fran Maira;Amiga Ya Mató;;
ago-24;Spotify;#¿NOMBRE?;Sabrina Carpenter;Taste;;
ago-24;Spotify;#¿NOMBRE?;Kidd Voodoo, Pablo Chill-E, Swift 047;Ese Guille;;
ago-24;Spotify;#¿NOMBRE?;*NSYNC;Bye Bye Bye;;
ago-24;Spotify;#¿NOMBRE?;Tony Dize, Yandel;Permitame (feat. Yandel);;
ago-24;Spotify;#¿NOMBRE?;Kidd Voodoo, Daiko 02;Minnie <3;;
ago-24;Spotify;#¿NOMBRE?;Martinwhite, NEMJ;CHINGON;;
ago-24;Spotify;#¿NOMBRE?;Grupo Frontera, Ke Personajes;OJITOS ROJOS;;
ago-24;Spotify;#¿NOMBRE?;Cris Mj;QUICKIE;;
ago-24;Spotify;#¿NOMBRE?;Carin Leon;Primera Cita;;
ago-24;Spotify;#¿NOMBRE?;J Abdiel, De La Rose, Yan Block, iZaak, Jay Wheeler;WYA REMIX RED;;
ago-24;Spotify;#¿NOMBRE?;El Jordan 23, Shiva, Nes, Toro2x;MILANO LO PRADO;;
ago-24;Spotify;#¿NOMBRE?;Yan Block;Vacile;;
ago-24;Spotify;#¿NOMBRE?;Myke Towers;LALA;;
ago-24;Spotify;#¿NOMBRE?;Gino Mella, Julianno Sosa, Moustache;LUNA DILE;;
ago-24;Spotify;#¿NOMBRE?;Bad Bunny, Feid;PERRO NEGRO;;
ago-24;Spotify;#¿NOMBRE?;Yan Block, Panda Black;444;;
ago-24;Spotify;#¿NOMBRE?;Boza, ELENA ROSE;orióN;;
ago-24;Spotify;#¿NOMBRE?;Big One, FMK, Ke Personajes;Un Finde | CROSSOVER #2;;
ago-24;Spotify;#¿NOMBRE?;Omar Courtz, De La Rose, Haze;Kyoto;;
ago-24;Spotify;#¿NOMBRE?;Jere Klein, Cris Mj;LOCA FARANDULERA;;
ago-24;Spotify;#¿NOMBRE?;Marshmello, Manuel Turizo;El Merengue;;
ago-24;Spotify;#¿NOMBRE?;Cris Mj;La Noche Está;;
ago-24;Spotify;#¿NOMBRE?;Milo j;3 PECADOS DESPUES…;;
ago-24;Spotify;#¿NOMBRE?;Kidd Voodoo, Swift 047;Grabándote:);;
ago-24;Spotify;#¿NOMBRE?;Julieta Venegas;Me Voy;;
ago-24;Spotify;#¿NOMBRE?;Santaferia, Grupo Zúmbale Primo;Que Te Vaya Bien;;
ago-24;Spotify;#¿NOMBRE?;Jere Klein, Gittobeatz;ANDO;;
ago-24;Spotify;#¿NOMBRE?;JHAYCO, Kapo;Passoa;;
ago-24;Spotify;#¿NOMBRE?;Nanpa Básico, Beéle;Hasta Aquí Llegué;;
ago-24;Spotify;#¿NOMBRE?;a-ha;Take on Me;;
ago-24;Spotify;#¿NOMBRE?;Chappell Roan;Good Luck, Babe!;;
ago-24;Spotify;#¿NOMBRE?;Arcángel;Hace Mucho Tiempo;;
ago-24;Spotify;#¿NOMBRE?;Nickoog Clk, Maycol Rosero, Standly;NO SUFRIRE POR NADIE (version urbana);;
ago-24;Spotify;#¿NOMBRE?;Rauw Alejandro, Chencho Corleone;Desesperados;;
ago-24;Spotify;#¿NOMBRE?;Teddy Swims;Lose Control;;
ago-24;Spotify;#¿NOMBRE?;Almighty;Asalto;;
ago-24;Spotify;#¿NOMBRE?;KAROL G;PROVENZA;;
ago-24;Spotify;#¿NOMBRE?;KAROL G;MIENTRAS ME CURO DEL CORA;;
sept-24;Spotify;#¿NOMBRE?;Cris Mj, FloyyMenor, LOUKI;Después De La 1;;
sept-24;Spotify;#¿NOMBRE?;Cris Mj, FloyyMenor, Panda Black;Déjame Pensar;;
sept-24;Spotify;#¿NOMBRE?;FloyyMenor;PELIGROSA;;
sept-24;Spotify;#¿NOMBRE?;Jere Klein, Mateo on the Beatz, EL MURCIELAGO;CHIKA MALA;;
sept-24;Spotify;#¿NOMBRE?;Lucky Brown, Jere Klein, Mateo on the Beatz, Gittobeatz;Bentley;;
sept-24;Spotify;#¿NOMBRE?;KAROL G;Si Antes Te Hubiera Conocido;;
sept-24;Spotify;#¿NOMBRE?;Fran C, Jere Klein;Mi Automóvil;;
sept-24;Spotify;#¿NOMBRE?;Jimin;Who;;
sept-24;Spotify;#¿NOMBRE?;Kapo;UWAIE;;
sept-24;Spotify;#¿NOMBRE?;Yandel, Feid;HABLAME CLARO;;
sept-24;Spotify;#¿NOMBRE?;Cris Mj;SI NO ES CONTIGO;;
sept-24;Spotify;#¿NOMBRE?;Grupo Zúmbale Primo;Tattoo;;
sept-24;Spotify;#¿NOMBRE?;Lady Gaga, Bruno Mars;Die With A Smile;;
sept-24;Spotify;#¿NOMBRE?;Blessd, Ovy On The Drums;Mírame;;
sept-24;Spotify;#¿NOMBRE?;Tiago PZK, Ke Personajes;Piel;;
sept-24;Spotify;#¿NOMBRE?;Cris Mj;No Ponga Excusas;;
sept-24;Spotify;#¿NOMBRE?;FloyyMenor, Lewis Somes;TU TA RICA;;
sept-24;Spotify;#¿NOMBRE?;Bryant Myers, Cris Mj;Tuss;;
sept-24;Spotify;#¿NOMBRE?;Santaferia, Grupo Zúmbale Primo;Que Te Vaya Bien;;
sept-24;Spotify;#¿NOMBRE?;Feid, ATL Jacob;LUNA;;
sept-24;Spotify;#¿NOMBRE?;Nes, Cris Mj;QUE LE DE;;
sept-24;Spotify;#¿NOMBRE?;Kapo;Ohnana;;
sept-24;Spotify;#¿NOMBRE?;FloyyMenor, Cris Mj;Gata Only;;
sept-24;Spotify;#¿NOMBRE?;Cris Mj;Daytona;;
sept-24;Spotify;#¿NOMBRE?;Lucky Brown, Mateo on the Beatz;Sola Suelta Soltera;;
sept-24;Spotify;#¿NOMBRE?;Plan B;Es un Secreto;;
sept-24;Spotify;#¿NOMBRE?;Valentino Merlo, The La Planta;Hoy;;
sept-24;Spotify;#¿NOMBRE?;Maisak, Feid;SE ME OLVIDA;;
sept-24;Spotify;#¿NOMBRE?;LOS 4F, Young Cister, Kidd Voodoo, DrefQuila, Easykid, Kreamly;MANIÁTICA;;
sept-24;Spotify;#¿NOMBRE?;Pablo Chill-E, Bryartz;Gitana (feat. Bryartz);;
sept-24;Spotify;#¿NOMBRE?;FloyyMenor, Lewis Somes;APAGA EL CEL;;
sept-24;Spotify;#¿NOMBRE?;Jere Klein, Lucky Brown, Adan La Amenaza;MUJER FINA;;
sept-24;Spotify;#¿NOMBRE?;Cris Mj, Dei V;Diabólica;;
sept-24;Spotify;#¿NOMBRE?;Lucky Brown, Big Cvyu;Coa Xorete;;
sept-24;Spotify;#¿NOMBRE?;Entremares;A Tu Lado;;
sept-24;Spotify;#¿NOMBRE?;KAROL G;AMARGURA;;
sept-24;Spotify;#¿NOMBRE?;Kidd Voodoo, DrefQuila, Young Cister, Easykid, Swift 047, LOS 4F;Enrolar - Fantastic Four Remix;;
sept-24;Spotify;#¿NOMBRE?;LOS 4F, Young Cister, Kidd Voodoo, DrefQuila, Easykid, Dysbit;GATA MENTE;;
sept-24;Spotify;#¿NOMBRE?;eleven1.1, DrefQuila, Kidd Voodoo, Harry Nach, SOULFIA;Escarlata - Remix;;
sept-24;Spotify;#¿NOMBRE?;Kidd Voodoo, La Joaqui, Dysbit;Instinto;;
sept-24;Spotify;#¿NOMBRE?;Los Ángeles Azules, Emilia;Perdonarte, ¿Para Qué?;;
sept-24;Spotify;#¿NOMBRE?;Dei V, Cris Mj;Rapido (with Cris Mj);;
sept-24;Spotify;#¿NOMBRE?;Almighty;Solida;;
sept-24;Spotify;#¿NOMBRE?;Martinwhite, NEMJ;CHINGON;;
sept-24;Spotify;#¿NOMBRE?;Manuel Turizo;La Bachata;;
sept-24;Spotify;#¿NOMBRE?;KAROL G, Peso Pluma;QLONA;;
sept-24;Spotify;#¿NOMBRE?;Pablo Chill-E, Ñengo Flow, Jere Klein;Bastardo (feat. Ñengo Flow & Jere Klein);;
sept-24;Spotify;#¿NOMBRE?;Rvssian, Rauw Alejandro, Ayra Starr;Santa;;
sept-24;Spotify;#¿NOMBRE?;Tobal Mj, Cris Mj, Kail BRL;Que Brille Sola Mami;;
sept-24;Spotify;#¿NOMBRE?;Trueno;REAL GANGSTA LOVE;;
sept-24;Spotify;#¿NOMBRE?;KAROL G;MI EX TENÍA RAZÓN;;
sept-24;Spotify;#¿NOMBRE?;LOS 4F, Young Cister, Kidd Voodoo, DrefQuila, Easykid, Swift 047;DEVOLVER EL TIEMPO;;
sept-24;Spotify;#¿NOMBRE?;Jere Klein, Nickoog Clk, Lucky Brown, El BAI;PRINCESITA DE ...;;
sept-24;Spotify;#¿NOMBRE?;Santaferia;Algún Día Volverás;;
sept-24;Spotify;#¿NOMBRE?;Maluma, Carin Leon;Según Quién;;
sept-24;Spotify;#¿NOMBRE?;Billie Eilish;BIRDS OF A FEATHER;;
sept-24;Spotify;#¿NOMBRE?;Jere Klein, Axl Boore, EL MURCIELAGO;REELS;;
sept-24;Spotify;#¿NOMBRE?;Young Cister, CJota;misteriosa (xulinho);;
sept-24;Spotify;#¿NOMBRE?;Santaferia;EL Gil De Tu Ex;;
sept-24;Spotify;#¿NOMBRE?;Maihuen de los Angeles;Llorando Ausencia;;
sept-24;Spotify;#¿NOMBRE?;Jossie A, Big Cvyu;2 Peine;;
sept-24;Spotify;#¿NOMBRE?;Myke Towers;LA FALDA;;
sept-24;Spotify;#¿NOMBRE?;Lucky Brown, Nes;Avísame;;
sept-24;Spotify;#¿NOMBRE?;Sabrina Carpenter;Espresso;;
sept-24;Spotify;#¿NOMBRE?;J Abdiel, De La Rose, Yan Block, iZaak, Jay Wheeler;WYA REMIX RED;;
sept-24;Spotify;#¿NOMBRE?;Omar Courtz, De La Rose, Haze;Kyoto;;
sept-24;Spotify;#¿NOMBRE?;Grupo Frontera, Ke Personajes;OJITOS ROJOS;;
sept-24;Spotify;#¿NOMBRE?;Tony Dize, Yandel;Permitame (feat. Yandel);;
sept-24;Spotify;#¿NOMBRE?;Big One, FMK, Ke Personajes;Un Finde | CROSSOVER #2;;
sept-24;Spotify;#¿NOMBRE?;Grupo Zúmbale Primo;Cinco Días;;
sept-24;Spotify;#¿NOMBRE?;Tony Dize, Plan B;Solos (feat. Plan B);;
sept-24;Spotify;#¿NOMBRE?;La Oreja de Van Gogh;Rosas;;
sept-24;Spotify;#¿NOMBRE?;La Gran Magia Tropical;Furia Loca (Mujer Cósmica);;
sept-24;Spotify;#¿NOMBRE?;Milo j;3 PECADOS DESPUES…;;
sept-24;Spotify;#¿NOMBRE?;Linkin Park;The Emptiness Machine;;
sept-24;Spotify;#¿NOMBRE?;Kidd Voodoo, Pablo Chill-E, Swift 047;Ese Guille;;
sept-24;Spotify;#¿NOMBRE?;Jere Klein, Cris Mj;LOCA FARANDULERA;;
sept-24;Spotify;#¿NOMBRE?;Sabrina Carpenter;Taste;;
sept-24;Spotify;#¿NOMBRE?;Yan Block;Vacile;;
sept-24;Spotify;#¿NOMBRE?;Maria Becerra;AGORA;;
sept-24;Spotify;#¿NOMBRE?;Prod Millones, Axl Boore;BEIA (Jere Klein);;
sept-24;Spotify;#¿NOMBRE?;Yan Block, Panda Black;444;;
sept-24;Spotify;#¿NOMBRE?;KAROL G;PROVENZA;;
sept-24;Spotify;#¿NOMBRE?;Entremares;Te Amo en Silencio;;
sept-24;Spotify;#¿NOMBRE?;Myke Towers;LALA;;
sept-24;Spotify;#¿NOMBRE?;Bad Bunny;Una Velita;;
sept-24;Spotify;#¿NOMBRE?;Bad Bunny, Feid;PERRO NEGRO;;
sept-24;Spotify;#¿NOMBRE?;Chappell Roan;Good Luck, Babe!;;
sept-24;Spotify;#¿NOMBRE?;Anuel AA, Haze;Amanece;;
sept-24;Spotify;#¿NOMBRE?;Marshmello, Manuel Turizo;El Merengue;;
sept-24;Spotify;#¿NOMBRE?;Sabrina Carpenter;Please Please Please;;
sept-24;Spotify;#¿NOMBRE?;Lucky Brown, Jere Klein, Mateo on the Beatz;¿Cuál Es Su Nombre?;;
sept-24;Spotify;#¿NOMBRE?;Carin Leon;Primera Cita;;
sept-24;Spotify;#¿NOMBRE?;Milo j, Taiu;Rara Vez;;
sept-24;Spotify;#¿NOMBRE?;LOS 4F, Young Cister, Kidd Voodoo, DrefQuila, Easykid, Dysbit;DAMELO BB;;
sept-24;Spotify;#¿NOMBRE?;Rauw Alejandro, Chencho Corleone;Desesperados;;
sept-24;Spotify;#¿NOMBRE?;Fran Maira;Amiga Ya Mató;;
sept-24;Spotify;#¿NOMBRE?;Cris Mj;Partyson;;
sept-24;Spotify;#¿NOMBRE?;Grupo Disparo;Corazón de Piedra;;
sept-24;Spotify;#¿NOMBRE?;Julieta Venegas;Me Voy;;
oct-24;Spotify;#¿NOMBRE?;King Savagge, Jairo Vera, Bayron Fire;A200;;
oct-24;Spotify;#¿NOMBRE?;Cris Mj, FloyyMenor, LOUKI;Después De La 1;;
oct-24;Spotify;#¿NOMBRE?;FloyyMenor;PELIGROSA;;
oct-24;Spotify;#¿NOMBRE?;KAROL G;Si Antes Te Hubiera Conocido;;
oct-24;Spotify;#¿NOMBRE?;Omar Courtz, De La Rose;Q U E V A S H A C E R H O Y ?;;
oct-24;Spotify;#¿NOMBRE?;Jimin;Who;;
oct-24;Spotify;#¿NOMBRE?;Jere Klein, Mateo on the Beatz, EL MURCIELAGO;CHIKA MALA;;
oct-24;Spotify;#¿NOMBRE?;Cris Mj, FloyyMenor, Panda Black;Déjame Pensar;;
oct-24;Spotify;#¿NOMBRE?;Tiago PZK, Ke Personajes;Piel;;
oct-24;Spotify;#¿NOMBRE?;Lucky Brown, Jere Klein, Mateo on the Beatz, Gittobeatz;Bentley;;
oct-24;Spotify;#¿NOMBRE?;Lady Gaga, Bruno Mars;Die With A Smile;;
oct-24;Spotify;#¿NOMBRE?;Shakira;Soltera;;
oct-24;Spotify;#¿NOMBRE?;Fran C, Jere Klein;Mi Automóvil;;
oct-24;Spotify;#¿NOMBRE?;Blessd, Ovy On The Drums;Mírame;;
oct-24;Spotify;#¿NOMBRE?;Cris Mj, Kali Uchis, JHAYCO;SI NO ES CONTIGO - REMIX;;
oct-24;Spotify;#¿NOMBRE?;ROSÉ, Bruno Mars;APT.;;
oct-24;Spotify;#¿NOMBRE?;Kapo;UWAIE;;
oct-24;Spotify;#¿NOMBRE?;Cris Mj;SI NO ES CONTIGO;;
oct-24;Spotify;#¿NOMBRE?;W Sound, Blessd, Ovy On The Drums;Soltera - W Sound 01;;
oct-24;Spotify;#¿NOMBRE?;Valentino Merlo, The La Planta;Hoy;;
oct-24;Spotify;#¿NOMBRE?;Grupo Zúmbale Primo;Tattoo;;
oct-24;Spotify;#¿NOMBRE?;Pailita, El Jordan 23, Cris Mj, Galee Galee;NO COOPERAMOS;;
oct-24;Spotify;#¿NOMBRE?;Lucky Brown, Mateo on the Beatz;Sola Suelta Soltera;;
oct-24;Spotify;#¿NOMBRE?;Feid, ATL Jacob;LUNA;;
oct-24;Spotify;#¿NOMBRE?;Cris Mj;No Ponga Excusas;;
oct-24;Spotify;#¿NOMBRE?;Myke Towers, benny blanco;DEGENERE ?? (feat. benny blanco);;
oct-24;Spotify;#¿NOMBRE?;Lucky Brown, Big Cvyu;Zoom Zoom;;
oct-24;Spotify;#¿NOMBRE?;Rvssian, Rauw Alejandro, Ayra Starr;Santa;;
oct-24;Spotify;#¿NOMBRE?;FloyyMenor, Cris Mj;Gata Only;;
oct-24;Spotify;#¿NOMBRE?;FloyyMenor, Lewis Somes;TU TA RICA;;
oct-24;Spotify;#¿NOMBRE?;Fran C, Kevin Martes 13, Galee Galee;Gracias A Dios;;
oct-24;Spotify;#¿NOMBRE?;Cris Mj;Daytona;;
oct-24;Spotify;#¿NOMBRE?;Bryant Myers, Cris Mj;Tuss;;
oct-24;Spotify;#¿NOMBRE?;Kapo;Ohnana;;
oct-24;Spotify;#¿NOMBRE?;Fran C, Pablo Chill-E, Harry Nach, DJ Acres;RIKISHI (feat. DJ Acres);;
oct-24;Spotify;#¿NOMBRE?;Santaferia, Grupo Zúmbale Primo;Que Te Vaya Bien;;
oct-24;Spotify;#¿NOMBRE?;Nes, Cris Mj;QUE LE DE;;
oct-24;Spotify;#¿NOMBRE?;Jairo Vera, De La Ghetto;Choka;;
oct-24;Spotify;#¿NOMBRE?;Maluma, Carin Leon;Según Quién;;
oct-24;Spotify;#¿NOMBRE?;Plan B;Es un Secreto;;
oct-24;Spotify;#¿NOMBRE?;Maisak, Feid;SE ME OLVIDA;;
oct-24;Spotify;#¿NOMBRE?;Ak4:20, Gino Mella;¿Cómo Estás?;;
oct-24;Spotify;#¿NOMBRE?;KAROL G;AMARGURA;;
oct-24;Spotify;#¿NOMBRE?;Los Ángeles Azules, Emilia;Perdonarte, ¿Para Qué?;;
oct-24;Spotify;#¿NOMBRE?;Jere Klein, Lucky Brown, Adan La Amenaza;MUJER FINA;;
oct-24;Spotify;#¿NOMBRE?;Pablo Chill-E, Bryartz;Gitana (feat. Bryartz);;
oct-24;Spotify;#¿NOMBRE?;Ovy On The Drums, Jere Klein;MIRALA;;
oct-24;Spotify;#¿NOMBRE?;Prod Millones, Axl Boore;BEIA (Jere Klein);;
oct-24;Spotify;#¿NOMBRE?;Martinwhite, NEMJ;CHINGON;;
oct-24;Spotify;#¿NOMBRE?;Manuel Turizo;La Bachata;;
oct-24;Spotify;#¿NOMBRE?;Lucky Brown, Giuliano Yankees, Valdi;Oye Mujer;;
oct-24;Spotify;#¿NOMBRE?;Jere Klein, Nickoog Clk, Lucky Brown, El BAI;PRINCESITA DE ...;;
oct-24;Spotify;#¿NOMBRE?;Omar Courtz, De La Rose, Haze;Kyoto;;
oct-24;Spotify;#¿NOMBRE?;FloyyMenor, Lewis Somes;APAGA EL CEL;;
oct-24;Spotify;#¿NOMBRE?;Aventura;El Perdedor;;
oct-24;Spotify;#¿NOMBRE?;KAROL G;MI EX TENÍA RAZÓN;;
oct-24;Spotify;#¿NOMBRE?;KAROL G, Peso Pluma;QLONA;;
oct-24;Spotify;#¿NOMBRE?;Billie Eilish;BIRDS OF A FEATHER;;
oct-24;Spotify;#¿NOMBRE?;Tony Dize, Yandel;Permitame (feat. Yandel);;
oct-24;Spotify;#¿NOMBRE?;Cris Mj, Dei V;Diabólica;;
oct-24;Spotify;#¿NOMBRE?;Lucky Brown, Big Cvyu;Coa Xorete;;
oct-24;Spotify;#¿NOMBRE?;Almighty;Solida;;
oct-24;Spotify;#¿NOMBRE?;Anuel AA, Haze;Amanece;;
oct-24;Spotify;#¿NOMBRE?;Grupo Frontera, Ke Personajes;OJITOS ROJOS;;
oct-24;Spotify;#¿NOMBRE?;Kidd Voodoo, La Joaqui, Dysbit;Instinto;;
oct-24;Spotify;#¿NOMBRE?;Arcángel;Pa' Que La Pases Bien;;
oct-24;Spotify;#¿NOMBRE?;Myke Towers;LA FALDA;;
oct-24;Spotify;#¿NOMBRE?;Dei V, Cris Mj;Rapido (with Cris Mj);;
oct-24;Spotify;#¿NOMBRE?;Aventura;Dile al Amor;;
oct-24;Spotify;#¿NOMBRE?;Gino Mella, Jairo Vera, Best;EL AMOR DE TU VIDA;;
oct-24;Spotify;#¿NOMBRE?;Simon la Letra, Pablo Chill-E;Bloqueame;;
oct-24;Spotify;#¿NOMBRE?;Big One, FMK, Ke Personajes;Un Finde | CROSSOVER #2;;
oct-24;Spotify;#¿NOMBRE?;Yami Safdie, Lasso;En Otra Vida;;
oct-24;Spotify;#¿NOMBRE?;Pablo Chill-E;Resentia;;
oct-24;Spotify;#¿NOMBRE?;Lucky Brown, Nes;Avísame;;
oct-24;Spotify;#¿NOMBRE?;Marshmello, Manuel Turizo;El Merengue;;
oct-24;Spotify;#¿NOMBRE?;eleven1.1, DrefQuila, Kidd Voodoo, Harry Nach, SOULFIA;Escarlata - Remix;;
oct-24;Spotify;#¿NOMBRE?;Lucky Brown, Mateo on the Beatz;Si Se Da;;
oct-24;Spotify;#¿NOMBRE?;Lleflight, Gino Mella;Bellavista;;
oct-24;Spotify;#¿NOMBRE?;Bad Bunny, Feid;PERRO NEGRO;;
oct-24;Spotify;#¿NOMBRE?;Pablo Chill-E, Ñengo Flow, Jere Klein;Bastardo (feat. Ñengo Flow & Jere Klein);;
oct-24;Spotify;#¿NOMBRE?;Young Cister;janeiro;;
oct-24;Spotify;#¿NOMBRE?;Milo j, Taiu;Rara Vez;;
oct-24;Spotify;#¿NOMBRE?;Myke Towers;LALA;;
oct-24;Spotify;#¿NOMBRE?;Carin Leon;Primera Cita;;
oct-24;Spotify;#¿NOMBRE?;Jossie A, Big Cvyu;2 Peine;;
oct-24;Spotify;#¿NOMBRE?;Tobal Mj, Cris Mj, Kail BRL;Que Brille Sola Mami;;
oct-24;Spotify;#¿NOMBRE?;Romeo Santos;Eres Mía;;
oct-24;Spotify;#¿NOMBRE?;Yan Block;Media Hora;;
oct-24;Spotify;#¿NOMBRE?;KAROL G, Shakira;TQG;;
oct-24;Spotify;#¿NOMBRE?;Sabrina Carpenter;Espresso;;
oct-24;Spotify;#¿NOMBRE?;Kidd Voodoo, DrefQuila, Young Cister, Easykid, Swift 047, LOS 4F;Enrolar - Fantastic Four Remix;;
oct-24;Spotify;#¿NOMBRE?;Yan Block;Vacile;;
oct-24;Spotify;#¿NOMBRE?;Almighty;Asalto;;
oct-24;Spotify;#¿NOMBRE?;Chayanne;Bailando Bachata;;
oct-24;Spotify;#¿NOMBRE?;Anuel AA, Daddy Yankee, Zion & Lennox, Farruko, Wisin;Sola (Remix);;
oct-24;Spotify;#¿NOMBRE?;Chencho Corleone, Bryant Myers;Si, Ajá;;
oct-24;Spotify;#¿NOMBRE?;Shakira;Dia de Enero;;
oct-24;Spotify;#¿NOMBRE?;LOS 4F, Young Cister, Kidd Voodoo, DrefQuila, Easykid, Kreamly;MANIÁTICA;;
oct-24;Spotify;#¿NOMBRE?;Sevdaliza, KAROL G;No Me Cansare;;
nov-24;Spotify;#¿NOMBRE?;King Savagge, Jairo Vera, Bayron Fire;A200;;
nov-24;Spotify;#¿NOMBRE?;Cris Mj, FloyyMenor, LOUKI;Después De La 1;;
nov-24;Spotify;#¿NOMBRE?;Jimin;Who;;
nov-24;Spotify;#¿NOMBRE?;Lucky Brown, Mateo on the Beatz;Cosa Linda;;
nov-24;Spotify;#¿NOMBRE?;Lucky Brown, Big Cvyu;Zoom Zoom;;
nov-24;Spotify;#¿NOMBRE?;Rauw Alejandro, Bad Bunny;Qué Pasaría...;;
nov-24;Spotify;#¿NOMBRE?;KAROL G;Si Antes Te Hubiera Conocido;;
nov-24;Spotify;#¿NOMBRE?;FloyyMenor;PELIGROSA;;
nov-24;Spotify;#¿NOMBRE?;Tiago PZK, Ke Personajes;Piel;;
nov-24;Spotify;#¿NOMBRE?;Blessd, Anuel AA, Ovy On The Drums;DEPORTIVO;;
nov-24;Spotify;#¿NOMBRE?;Lady Gaga, Bruno Mars;Die With A Smile;;
nov-24;Spotify;#¿NOMBRE?;ROSÉ, Bruno Mars;APT.;;
nov-24;Spotify;#¿NOMBRE?;Omar Courtz, De La Rose;Q U E V A S H A C E R H O Y ?;;
nov-24;Spotify;#¿NOMBRE?;Jere Klein, Mateo on the Beatz, EL MURCIELAGO;CHIKA MALA;;
nov-24;Spotify;#¿NOMBRE?;Rauw Alejandro, Romeo Santos;Khé?;;
nov-24;Spotify;#¿NOMBRE?;Feid, ATL Jacob;LUNA;;
nov-24;Spotify;#¿NOMBRE?;FloyyMenor, Lewis Somes;APAGA EL CEL;;
nov-24;Spotify;#¿NOMBRE?;Myke Towers, benny blanco;DEGENERE ?? (feat. benny blanco);;
nov-24;Spotify;#¿NOMBRE?;Shakira;Soltera;;
nov-24;Spotify;#¿NOMBRE?;Pierre La Voz;Boomerang;;
nov-24;Spotify;#¿NOMBRE?;Blessd, Ovy On The Drums;Mírame;;
nov-24;Spotify;#¿NOMBRE?;Cris Mj, FloyyMenor, Panda Black;Déjame Pensar;;
nov-24;Spotify;#¿NOMBRE?;FloyyMenor, Lewis Somes;MY LOVE;;
nov-24;Spotify;#¿NOMBRE?;Lucky Brown, Jere Klein, Mateo on the Beatz, Gittobeatz;Bentley;;
nov-24;Spotify;#¿NOMBRE?;Ovy On The Drums, Jere Klein;MIRALA;;
nov-24;Spotify;#¿NOMBRE?;Martinwhite, NEMJ;CHINGON;;
nov-24;Spotify;#¿NOMBRE?;Cris Mj;SI NO ES CONTIGO;;
nov-24;Spotify;#¿NOMBRE?;Kapo;UWAIE;;
nov-24;Spotify;#¿NOMBRE?;FloyyMenor, Lewis Somes;TU TA RICA;;
nov-24;Spotify;#¿NOMBRE?;KAROL G, Feid, DFZM, Ovy On The Drums, J Balvin, Maluma, Ryan Castro, Blessd;57;;
nov-24;Spotify;#¿NOMBRE?;Arcane, Stromae, Pomme;Ma Meilleure Ennemie (from the series Arcane League of Legends);;
nov-24;Spotify;#¿NOMBRE?;Cris Mj, Kali Uchis, JHAYCO;SI NO ES CONTIGO - REMIX;;
nov-24;Spotify;#¿NOMBRE?;Grupo Zúmbale Primo;Tattoo;;
nov-24;Spotify;#¿NOMBRE?;Los Ángeles Azules, Emilia;Perdonarte, ¿Para Qué?;;
nov-24;Spotify;#¿NOMBRE?;Lucky Brown, Mateo on the Beatz;Sola Suelta Soltera;;
nov-24;Spotify;#¿NOMBRE?;Cris Mj;Daytona;;
nov-24;Spotify;#¿NOMBRE?;Rvssian, Rauw Alejandro, Ayra Starr;Santa;;
nov-24;Spotify;#¿NOMBRE?;Kidd Voodoo, Dysbit;SATIROLOGÍA;;
nov-24;Spotify;#¿NOMBRE?;Cris Mj;No Ponga Excusas;;
nov-24;Spotify;#¿NOMBRE?;FloyyMenor, Cris Mj;Gata Only;;
nov-24;Spotify;#¿NOMBRE?;Fran C, Jere Klein;Mi Automóvil;;
nov-24;Spotify;#¿NOMBRE?;W Sound, Blessd, Ovy On The Drums;Soltera - W Sound 01;;
nov-24;Spotify;#¿NOMBRE?;Valentino Merlo, The La Planta;Hoy;;
nov-24;Spotify;#¿NOMBRE?;Maisak, Feid;SE ME OLVIDA;;
nov-24;Spotify;#¿NOMBRE?;Maluma, Carin Leon;Según Quién;;
nov-24;Spotify;#¿NOMBRE?;Bryant Myers, Cris Mj;Tuss;;
nov-24;Spotify;#¿NOMBRE?;Fran C, Kevin Martes 13, Galee Galee;Gracias A Dios;;
nov-24;Spotify;#¿NOMBRE?;Duki, Myke Towers;Nueva Era;;
nov-24;Spotify;#¿NOMBRE?;Kapo;Ohnana;;
nov-24;Spotify;#¿NOMBRE?;Pailita, El Jordan 23, Cris Mj, Galee Galee;NO COOPERAMOS;;
nov-24;Spotify;#¿NOMBRE?;Santaferia, Grupo Zúmbale Primo;Que Te Vaya Bien;;
nov-24;Spotify;#¿NOMBRE?;Pablo Chill-E, Bryartz;Gitana (feat. Bryartz);;
nov-24;Spotify;#¿NOMBRE?;Prod Millones, Axl Boore;BEIA (Jere Klein);;
nov-24;Spotify;#¿NOMBRE?;Danny Ocean, Kapo;Imagínate;;
nov-24;Spotify;#¿NOMBRE?;generic, unfazed;Amigos y Enemigos;;
nov-24;Spotify;#¿NOMBRE?;Arcángel;Pa' Que La Pases Bien;;
nov-24;Spotify;#¿NOMBRE?;KAROL G;AMARGURA;;
nov-24;Spotify;#¿NOMBRE?;Plan B;Es un Secreto;;
nov-24;Spotify;#¿NOMBRE?;Anuel AA, Haze;Amanece;;
nov-24;Spotify;#¿NOMBRE?;KAROL G;MI EX TENÍA RAZÓN;;
nov-24;Spotify;#¿NOMBRE?;Nes, Cris Mj;QUE LE DE;;
nov-24;Spotify;#¿NOMBRE?;KAROL G, Peso Pluma;QLONA;;
nov-24;Spotify;#¿NOMBRE?;Myke Towers;LA FALDA;;
nov-24;Spotify;#¿NOMBRE?;Anuel AA, Daddy Yankee, Zion & Lennox, Farruko, Wisin;Sola (Remix);;
nov-24;Spotify;#¿NOMBRE?;Billie Eilish;BIRDS OF A FEATHER;;
nov-24;Spotify;#¿NOMBRE?;Yami Safdie, Lasso;En Otra Vida;;
nov-24;Spotify;#¿NOMBRE?;Fran C, Pablo Chill-E, Harry Nach, DJ Acres;RIKISHI (feat. DJ Acres);;
nov-24;Spotify;#¿NOMBRE?;Omar Courtz, De La Rose, Haze;Kyoto;;
nov-24;Spotify;#¿NOMBRE?;Myke Towers;LALA;;
nov-24;Spotify;#¿NOMBRE?;Cris Mj, Dei V;Diabólica;;
nov-24;Spotify;#¿NOMBRE?;Big One, FMK, Ke Personajes;Un Finde | CROSSOVER #2;;
nov-24;Spotify;#¿NOMBRE?;Bad Bunny, Feid;PERRO NEGRO;;
nov-24;Spotify;#¿NOMBRE?;Standly;Pégate;;
nov-24;Spotify;#¿NOMBRE?;Lucky Brown, Lewis Somes;Gatita Fina;;
nov-24;Spotify;#¿NOMBRE?;Soda Stereo;Trátame Suavemente - Remasterizado 2007;;
nov-24;Spotify;#¿NOMBRE?;Milo j, Taiu;Rara Vez;;
nov-24;Spotify;#¿NOMBRE?;Lucky Brown, Big Cvyu;Coa Xorete;;
nov-24;Spotify;#¿NOMBRE?;Grupo Frontera, Ke Personajes;OJITOS ROJOS;;
nov-24;Spotify;#¿NOMBRE?;Jairo Vera, De La Ghetto;Choka;;
nov-24;Spotify;#¿NOMBRE?;Dei V, Cris Mj;Rapido (with Cris Mj);;
nov-24;Spotify;#¿NOMBRE?;Maria Becerra;AGORA;;
nov-24;Spotify;#¿NOMBRE?;Tony Dize, Yandel;Permitame (feat. Yandel);;
nov-24;Spotify;#¿NOMBRE?;Tobal Mj, Cris Mj, Kail BRL;Que Brille Sola Mami;;
nov-24;Spotify;#¿NOMBRE?;Tony Dize, Plan B;Solos (feat. Plan B);;
nov-24;Spotify;#¿NOMBRE?;Manuel Turizo;La Bachata;;
nov-24;Spotify;#¿NOMBRE?;Lucky Brown, Nes;Avísame;;
nov-24;Spotify;#¿NOMBRE?;Chayanne;Bailando Bachata;;
nov-24;Spotify;#¿NOMBRE?;Carin Leon;Primera Cita;;
nov-24;Spotify;#¿NOMBRE?;Jere Klein, Nickoog Clk, Lucky Brown, El BAI;PRINCESITA DE ...;;
nov-24;Spotify;#¿NOMBRE?;Maluma;Cosas Pendientes;;
nov-24;Spotify;#¿NOMBRE?;Almighty;Solida;;
nov-24;Spotify;#¿NOMBRE?;Feid;Feliz Cumpleaños Ferxxo;;
nov-24;Spotify;#¿NOMBRE?;Oscar Maydon, Fuerza Regida;Tu Boda;;
nov-24;Spotify;#¿NOMBRE?;Marshmello, Manuel Turizo;El Merengue;;
nov-24;Spotify;#¿NOMBRE?;Jamaswol;Miénteme;;
nov-24;Spotify;#¿NOMBRE?;Kidd Voodoo, La Joaqui, Dysbit;Instinto;;
nov-24;Spotify;#¿NOMBRE?;Lucky Brown, Giuliano Yankees, Valdi;Oye Mujer;;
nov-24;Spotify;#¿NOMBRE?;Kidd Voodoo, DrefQuila, Young Cister, Easykid, Swift 047, LOS 4F;Enrolar - Fantastic Four Remix;;
nov-24;Spotify;#¿NOMBRE?;Jere Klein, Lucky Brown, Adan La Amenaza;MUJER FINA;;
nov-24;Spotify;#¿NOMBRE?;Young Cister;janeiro;;
dic-24;Spotify;#¿NOMBRE?;Lucky Brown, Mateo on the Beatz;Cosa Linda;;
dic-24;Spotify;#¿NOMBRE?;Cris Mj;7 Trompetas;;
dic-24;Spotify;#¿NOMBRE?;King Savagge, Jairo Vera, Bayron Fire;A200;;
dic-24;Spotify;#¿NOMBRE?;Blessd, Anuel AA, Ovy On The Drums;DEPORTIVO;;
dic-24;Spotify;#¿NOMBRE?;KAROL G;Si Antes Te Hubiera Conocido;;
dic-24;Spotify;#¿NOMBRE?;Myke Towers, benny blanco;DEGENERE ?? (feat. benny blanco);;
dic-24;Spotify;#¿NOMBRE?;Ovy On The Drums, Jere Klein;MIRALA;;
dic-24;Spotify;#¿NOMBRE?;Tiago PZK, Ke Personajes;Piel;;
dic-24;Spotify;#¿NOMBRE?;Rauw Alejandro, Bad Bunny;Qué Pasaría...;;
dic-24;Spotify;#¿NOMBRE?;Fran C, Jere Klein;Mi Automóvil;;
dic-24;Spotify;#¿NOMBRE?;Cris Mj, FloyyMenor, LOUKI;Después De La 1;;
dic-24;Spotify;#¿NOMBRE?;Lucky Brown, Big Cvyu;Zoom Zoom;;
dic-24;Spotify;#¿NOMBRE?;Rauw Alejandro, Romeo Santos;Khé?;;
dic-24;Spotify;#¿NOMBRE?;Jimin;Who;;
dic-24;Spotify;#¿NOMBRE?;Feid, ATL Jacob;LUNA;;
dic-24;Spotify;#¿NOMBRE?;Lady Gaga, Bruno Mars;Die With A Smile;;
dic-24;Spotify;#¿NOMBRE?;FloyyMenor;PELIGROSA;;
dic-24;Spotify;#¿NOMBRE?;Blessd, Anuel AA, Ovy On The Drums;MIRAME REMIX;;
dic-24;Spotify;#¿NOMBRE?;Martinwhite, NEMJ;CHINGON;;
dic-24;Spotify;#¿NOMBRE?;Jere Klein, Mateo on the Beatz, EL MURCIELAGO;CHIKA MALA;;
dic-24;Spotify;#¿NOMBRE?;ROSÉ, Bruno Mars;APT.;;
dic-24;Spotify;#¿NOMBRE?;Grupo Zúmbale Primo;Tattoo;;
dic-24;Spotify;#¿NOMBRE?;Mariah Carey;All I Want for Christmas Is You;;
dic-24;Spotify;#¿NOMBRE?;Danny Ocean, Kapo;Imagínate;;
dic-24;Spotify;#¿NOMBRE?;Shakira;Soltera;;
dic-24;Spotify;#¿NOMBRE?;Wham!;Last Christmas;;
dic-24;Spotify;#¿NOMBRE?;Jairo Vera;Ay Mamasita;;
dic-24;Spotify;#¿NOMBRE?;Cris Mj;SI NO ES CONTIGO;;
dic-24;Spotify;#¿NOMBRE?;Omar Courtz, De La Rose;Q U E V A S H A C E R H O Y ?;;
dic-24;Spotify;#¿NOMBRE?;Kapo;UWAIE;;
dic-24;Spotify;#¿NOMBRE?;Lucky Brown, Jere Klein, Mateo on the Beatz, Gittobeatz;Bentley;;
dic-24;Spotify;#¿NOMBRE?;FloyyMenor, Cris Mj;Gata Only;;
dic-24;Spotify;#¿NOMBRE?;Cris Mj;Daytona;;
dic-24;Spotify;#¿NOMBRE?;Jere Klein, Santaferia;OTRA VOLÁ;;
dic-24;Spotify;#¿NOMBRE?;Blessd, Ovy On The Drums;Mírame;;
dic-24;Spotify;#¿NOMBRE?;Santaferia, Grupo Zúmbale Primo;Que Te Vaya Bien;;
dic-24;Spotify;#¿NOMBRE?;FloyyMenor, Lewis Somes;TU TA RICA;;
dic-24;Spotify;#¿NOMBRE?;Cris Mj;No Ponga Excusas;;
dic-24;Spotify;#¿NOMBRE?;Cris Mj, FloyyMenor, Panda Black;Déjame Pensar;;
dic-24;Spotify;#¿NOMBRE?;Lucky Brown, Mateo on the Beatz;Sola Suelta Soltera;;
dic-24;Spotify;#¿NOMBRE?;Jere Klein, Lucky Brown;Mandame Tu Ubi;;
dic-24;Spotify;#¿NOMBRE?;Los Ángeles Azules, Emilia;Perdonarte, ¿Para Qué?;;
dic-24;Spotify;#¿NOMBRE?;Cris Mj, Kali Uchis, JHAYCO;SI NO ES CONTIGO - REMIX;;
dic-24;Spotify;#¿NOMBRE?;Fran C, Pablo Chill-E, Harry Nach, DJ Acres;RIKISHI (feat. DJ Acres);;
dic-24;Spotify;#¿NOMBRE?;Bobby Helms;Jingle Bell Rock;;
dic-24;Spotify;#¿NOMBRE?;KAROL G;MI EX TENÍA RAZÓN;;
dic-24;Spotify;#¿NOMBRE?;Fran C, Kevin Martes 13, Galee Galee;Gracias A Dios;;
dic-24;Spotify;#¿NOMBRE?;José Feliciano;Feliz Navidad;;
dic-24;Spotify;#¿NOMBRE?;Bryant Myers, Cris Mj;Tuss;;
dic-24;Spotify;#¿NOMBRE?;Jairo Vera, De La Ghetto;Choka;;
dic-24;Spotify;#¿NOMBRE?;Maisak, Feid;SE ME OLVIDA;;
dic-24;Spotify;#¿NOMBRE?;Rvssian, Rauw Alejandro, Ayra Starr;Santa;;
dic-24;Spotify;#¿NOMBRE?;W Sound, Blessd, Ovy On The Drums;Soltera - W Sound 01;;
dic-24;Spotify;#¿NOMBRE?;KAROL G;AMARGURA;;
dic-24;Spotify;#¿NOMBRE?;Valentino Merlo, The La Planta;Hoy;;
dic-24;Spotify;#¿NOMBRE?;Brenda Lee;Rockin' Around The Christmas Tree;;
dic-24;Spotify;#¿NOMBRE?;Standly;Pégate;;
dic-24;Spotify;#¿NOMBRE?;Pablo Chill-E, Bryartz;Gitana (feat. Bryartz);;
dic-24;Spotify;#¿NOMBRE?;Anuel AA, Haze;Amanece;;
dic-24;Spotify;#¿NOMBRE?;Clarent, Mora;IA;;
dic-24;Spotify;#¿NOMBRE?;Bad Bunny;EL CLúB;;
dic-24;Spotify;#¿NOMBRE?;Plan B;Es un Secreto;;
dic-24;Spotify;#¿NOMBRE?;Big One, FMK, Ke Personajes;Un Finde | CROSSOVER #2;;
dic-24;Spotify;#¿NOMBRE?;KAROL G, Feid, DFZM, Ovy On The Drums, J Balvin, Maluma, Ryan Castro, Blessd;57;;
dic-24;Spotify;#¿NOMBRE?;Kapo;Ohnana;;
dic-24;Spotify;#¿NOMBRE?;Gino Mella, Jairo Vera, Best;EL AMOR DE TU VIDA;;
dic-24;Spotify;#¿NOMBRE?;Grupo Frontera, Ke Personajes;OJITOS ROJOS;;
dic-24;Spotify;#¿NOMBRE?;Billie Eilish;BIRDS OF A FEATHER;;
dic-24;Spotify;#¿NOMBRE?;Bad Bunny, Feid;PERRO NEGRO;;
dic-24;Spotify;#¿NOMBRE?;KAROL G, Peso Pluma;QLONA;;
dic-24;Spotify;#¿NOMBRE?;Luis Miguel;Santa Claus Llegó a La Ciudad;;
dic-24;Spotify;#¿NOMBRE?;FloyyMenor, Lewis Somes;MY LOVE;;
dic-24;Spotify;#¿NOMBRE?;Yami Safdie, Lasso;En Otra Vida;;
dic-24;Spotify;#¿NOMBRE?;Bayron Fire;Me Pongo Bonito;;
dic-24;Spotify;#¿NOMBRE?;Santaferia;EL Gil De Tu Ex;;
dic-24;Spotify;#¿NOMBRE?;Kelly Clarkson;Underneath the Tree;;
dic-24;Spotify;#¿NOMBRE?;Andy Williams;It's the Most Wonderful Time of the Year;;
dic-24;Spotify;#¿NOMBRE?;Tony Dize, Yandel;Permitame (feat. Yandel);;
dic-24;Spotify;#¿NOMBRE?;Santaferia;Algún Día Volverás;;
dic-24;Spotify;#¿NOMBRE?;FloyyMenor, Lewis Somes;APAGA EL CEL;;
dic-24;Spotify;#¿NOMBRE?;Kidd Voodoo, Dysbit;SATIROLOGÍA;;
dic-24;Spotify;#¿NOMBRE?;Arcángel;Pa' Que La Pases Bien;;
dic-24;Spotify;#¿NOMBRE?;Milo j, Taiu;Rara Vez;;
dic-24;Spotify;#¿NOMBRE?;Beéle, Ovy On The Drums;mi refe;;
dic-24;Spotify;#¿NOMBRE?;The Police;Every Breath You Take;;
dic-24;Spotify;#¿NOMBRE?;Omar Courtz, De La Rose, Haze;Kyoto;;
dic-24;Spotify;#¿NOMBRE?;Lucky Brown, Nes;Avísame;;
dic-24;Spotify;#¿NOMBRE?;Grupo Disparo;Corazón de Piedra;;
dic-24;Spotify;#¿NOMBRE?;Lucky Brown, Big Cvyu;Coa Xorete;;
dic-24;Spotify;#¿NOMBRE?;Daddy Yankee, Randy;Salgo Pa' la Calle;;
dic-24;Spotify;#¿NOMBRE?;Yan Block, TORRRES;Yo sé;;
dic-24;Spotify;#¿NOMBRE?;Prod Millones, Axl Boore;BEIA (Jere Klein);;
dic-24;Spotify;#¿NOMBRE?;Grupo Zúmbale Primo;Cinco Días;;
dic-24;Spotify;#¿NOMBRE?;Jere Klein, Nickoog Clk, Lucky Brown, El BAI;PRINCESITA DE ...;;
dic-24;Spotify;#¿NOMBRE?;Feid;Feliz Cumpleaños Ferxxo;;
dic-24;Spotify;#¿NOMBRE?;Myke Towers;LALA;;
dic-24;Spotify;#¿NOMBRE?;Tony Dize, Plan B;Solos (feat. Plan B);;
dic-24;Spotify;#¿NOMBRE?;Anuel AA, Daddy Yankee, Zion & Lennox, Farruko, Wisin;Sola (Remix);;
dic-24;Spotify;#¿NOMBRE?;Tobal Mj, Cris Mj, Kail BRL;Que Brille Sola Mami;;
dic-24;Spotify;#¿NOMBRE?;Pailita, El Jordan 23, Cris Mj, Galee Galee;NO COOPERAMOS;;
