rank,uri,artist_names,track_name,source,peak_rank,previous_rank,days_on_chart,streams
1,"spotify:track:1xK1Gg9SxG8fy2Ya373oqb","Myke Towers, Juhn","Bandido","White World Music",1,1,46,"375191"
2,"spotify:track:4MzXwWMhyBbmu6hOcLVD49","Bad Bunny, JHAYCO","DÁKITI","Rimas Entertainment LLC",1,2,88,"352195"
3,"spotify:track:3VvA1wSxukMLsvXoXtlwWx","Boza","Hecha Pa' Mi","Sony Music Latin",3,4,70,"281962"
4,"spotify:track:7vrJn5hDSXRmdXoR30KgF1","KAROL G","BICHOTA","UMLE - Latino",2,3,95,"277500"
5,"spotify:track:2XIc1pqjXV3Cr2BQUGNBck","Bad Bunny, ROSALÍA","LA NOCHE DE ANOCHE","Rimas Entertainment LLC",2,5,60,"265663"
6,"spotify:track:4loQgPwJHocL3dFwLfjb1J","Rauw Alejandro, Anuel AA","Reloj","Sony Music Latin/Duars Entertainment",4,6,95,"225232"
7,"spotify:track:68mrW6gXHgupgSiDHgaDi5","Nicky Jam, Myke Towers","Polvo","Sony Music Latin",7,7,67,"205045"
8,"spotify:track:73O30uMI7n6DuzBmbtO7kC","Anuel AA, Ozuna","Antes","Real Hasta La Muerte LLC & Aura Music Corp.",8,8,4,"203056"
9,"spotify:track:5RubKOuDoPn5Kj5TLVxSxY","Bad Bunny","TE MUDASTE","Rimas Entertainment LLC",2,11,60,"190603"
10,"spotify:track:7ndTONDDRFGiPnnhOzOXxq","Manuel Turizo, Rauw Alejandro, Myke Towers","La Nota","Sony Music Latin/La Industria",3,9,109,"190365"
11,"spotify:track:5y7DaS3jAc9eZzcSOoUIwU","Ozuna, J Balvin, Chencho Corleone","Una Locura","Aura Music Corp.",2,10,144,"185464"
12,"spotify:track:4C6BlqqMwjFzOXzqpTeoWR","Justin Quiles","Ponte Pa' Mi","WEA Latina",12,14,67,"172913"
13,"spotify:track:15OjBeqNX3bShsGYQbteRv","Farruko","La Tóxica","Sony Music Latin",2,12,186,"167683"
14,"spotify:track:1yoMvmasuxZfqHEipJhRbp","Maluma","Hawái","Sony Music Latin",1,13,180,"163241"
15,"spotify:track:2bgcUk2A3jjKbCJ7KPquTi","Wisin, Myke Towers, Los Legendarios","Mi Niña","La Base Music Group/ WK Records",10,16,124,"155743"
16,"spotify:track:3GtnId3Cm1Xa6joCj08nzW","Justin Quiles","Jeans","WEA Latina",4,15,165,"155423"
17,"spotify:track:35UUpTmrcFXNIVIN26ujXl","Sech, Daddy Yankee, J Balvin, ROSALÍA, Farruko","Relación - Remix","Rich Music",2,18,144,"149588"
18,"spotify:track:2mM3gZ0BbPwPPMelbA8vgt","Milly, Farruko, Nio Garcia, Jay Wheeler, Amenazzy","No Te Enamores - Remix","Carbon Fiber Music",18,20,64,"148890"
19,"spotify:track:21N4Buj4xsyLb218lYle61","Sebastian Yatra, Guaynaa","Chica Ideal","UMLE - Latino",9,19,102,"145239"
20,"spotify:track:4PEfJZpVjdclfzZ9XO8uDw","KEVIN ROLDAN, Bryant Myers, Lyanno","HASTA ABAJO","UMLE - Latino",20,22,242,"139834"
21,"spotify:track:3lCbsHaN1wCxyDzcNN2x4N","Migrantes, Alico","Si Me Tomo Una Cerveza","LEB Records",12,17,70,"139497"
22,"spotify:track:7D7EH7MGyNHWSkqrszerI1","Camilo, El Alfa","BEBÉ","Sony Music Latin",19,21,61,"139312"
23,"spotify:track:4HYDUMY0xSpeBr0AMY9cUz","Jay Wheeler, DJ Nelson, Myke Towers","La Curiosidad","Linked Music / Dynamic Records / EMPIRE",1,24,228,"131222"
24,"spotify:track:73nAK3HgQK8dak83Y2WQ8F","Camilo","Vida de Rico","Sony Music Latin",7,23,126,"130716"
25,"spotify:track:3ymRYcYHxXMmyvCaKcJ46k","Ak4:20","Skyline","AK4:20",24,25,37,"127384"
26,"spotify:track:7x4ASXYEKfQBCewcZhK776","KAROL G","Ay, DiOs Mío!","UMLE - Latino",3,26,200,"119467"
27,"spotify:track:0EhpEsp4L0oRGM0vmeaN5e","J Balvin, Dua Lipa, Bad Bunny, Tainy","UN DIA (ONE DAY) (Feat. Tainy)","Universal Music Latino/ NEON16",4,27,186,"114942"
28,"spotify:track:4G3PTss3mU33Tau7t4KbwE","Rauw Alejandro, Camilo","Tattoo - Remix with Camilo","Sony Music Latin/Duars Entertainment",3,28,200,"109507"
29,"spotify:track:7LE1K0lZyRFZjSlrnm7lfD","Jay Wheeler, Myke Towers, Rauw Alejandro, DJ Nelson, JHAYCO, Lunay, Kendo Kaponi","La Curiosidad (feat. Dj Nelson, JHAYCO, Lunay & Kendo Kaponi) - Blue Grand Prix Remix","Linked Music / Dynamic Records / EMPIRE",18,30,39,"109390"
30,"spotify:track:4RJz8NfIe09gpKMiRUWKhJ","Maluma, Lenny Tavárez, Justin Quiles","Parce (feat. Justin Quiles)","Sony Music Latin",16,29,158,"108158"
31,"spotify:track:0JAZWvvqttGFm4UMDsPQXC","Ozuna, Camilo","Despeinada","Aura Music Corp.",10,31,145,"103124"
32,"spotify:track:7lPN2DXiMsVn7XUKtOW1CS","Olivia Rodrigo","drivers license","Olivia Rodrigo PS",25,34,16,"102186"
33,"spotify:track:6bvfJf4KjonPMuPfGfy3S2","Nio Garcia, Anuel AA, Myke Towers, Brray, Juanka","La Jeepeta - Remix","Flow La Movie, Inc.",1,32,277,"97229"
34,"spotify:track:22Sh5dlwbERqJAq1fZk5b2","Rauw Alejandro, J Balvin","De Cora <3","Sony Music Latin/Duars Entertainment",28,37,74,"96975"
35,"spotify:track:7oHsIIDKbEJlFULg1HF0pP","Anuel AA, Ozuna","Los Dioses","Real Hasta La Muerte LLC & Aura Music Corp.",25,36,5,"96724"
36,"spotify:track:2etJ67Egf7woMgOikVrlJM","Flow La Movie, Nio Garcia, Casper Magico","Travesuras","Flow La Movie, Inc.",26,35,81,"95884"
37,"spotify:track:11EnQRgRMJwMAesfkB5pnu","Lele Pons, Guaynaa","Se Te Nota (with Guaynaa)","Shots Studios & Music/10:22pm/Interscope Records",17,33,128,"95539"
38,"spotify:track:6fmQjRuo7XvRFCK2qex5hQ","Jerry Di","Mi Cuarto","Nacho",10,38,169,"94231"
39,"spotify:track:7BIy3EGQhg98CsRdKYHnJC","Camilo","Ropa Cara","Sony Music Latin",39,39,7,"92902"
40,"spotify:track:2tFwfmceQa1Y6nRPhYbEtC","JHAYCO, Bad Bunny","CÓMO SE SIENTE - Remix","N&E Entertainment LLC",1,40,261,"89448"
41,"spotify:track:0XinBYhf1X3kdvKQHOX971","C. Tangana, Niño de Elche, La Húngara","Tú Me Dejaste De Querer","Sony Music Entertainment",28,41,81,"88757"
42,"spotify:track:1mrQYY0NATPCe7WOYcCKf1","Yan Block, Jay Wheeler, DJ Nelson","Vete Pal Carajo","Linked Music / EMPIRE",41,42,26,"88236"
43,"spotify:track:26QApq0cuO9brJigr0C0W4","Bad Bunny","HACIENDO QUE ME AMAS","Rimas Entertainment LLC",4,44,60,"87508"
44,"spotify:track:5Jm4w8jmPEBTLjI9vH4fXo","Ozuna","Caramelo","Aura Music Corp.",3,43,228,"82368"
45,"spotify:track:78SeXVRJ7KCqVmOwTiFjnI","Bizarrap, NATHY PELUSO","Nathy Peluso: Bzrp Music Sessions, Vol. 36","DALE PLAY Records",33,45,59,"81608"
46,"spotify:track:0S83wvYce7qU9MUBY3QQbj","Ak4:20","Rata Tan Tan","Next Level",43,46,115,"80585"
47,"spotify:track:0VjIjW4GlUZAMYd2vXMi3b","The Weeknd","Blinding Lights","Republic Records",13,48,395,"79627"
48,"spotify:track:2lCkncy6bIB0LTMT7kvrD1","J Balvin","Azul","UMLE - Latino",25,47,312,"76913"
49,"spotify:track:3kml9ZdpT7UYk1ugkjqOzt","Daddy Yankee, Anuel AA, Kendo Kaponi","Don Don","El Cartel Records",14,49,137,"72823"
50,"spotify:track:4bEwaORm2IBfu3omjEna7I","Rauw Alejandro, Arcángel, Randy","Soy Una Gargola","Sony Music Latin/Duars Entertainment",33,50,74,"72527"
51,"spotify:track:70uX4beGHc1nQikXveOknp","Manuel Turizo, Wisin & Yandel","Mala Costumbre","Sony Music Latin/La Industria",51,51,18,"72043"
52,"spotify:track:6qraVL4IJaIj0IuEexYJNa","Myke Towers","Explícito","White World Music",52,54,41,"68751"
53,"spotify:track:5zj8WNkBrEzlI5FKeYV4ol","Sech, J Balvin","La Luz","Rich Music",29,52,86,"67772"
54,"spotify:track:20vM5hycZtDFwvpNWXU6su","Lunay, Brytiago, Revol, Myke Towers, Rauw Alejandro","Fantasia Sexual","2021 Update Music",37,55,12,"66469"
55,"spotify:track:26w9NTiE9NGjW1ZvIOd1So","Bad Bunny","BOOKER T","Rimas Entertainment LLC",11,60,60,"65374"
56,"spotify:track:7m6aTkKrrPHAZ4fGnksoda","Anuel AA, Ozuna","Nena Buena","Real Hasta La Muerte LLC & Aura Music Corp.",49,56,4,"64633"
57,"spotify:track:2sqgNScWya6T8PwKMELYW8","Anuel AA, Ozuna","100","Real Hasta La Muerte LLC & Aura Music Corp.",42,58,4,"62750"
58,"spotify:track:2nVOSrxGjCqblT9CKqEMHi","Anuel AA, Ozuna","Municiones","Real Hasta La Muerte LLC & Aura Music Corp.",47,59,4,"62070"
59,"spotify:track:15zGj634ctKvXflVumO5Qq","Brytiago, Jay Wheeler","Desnudarte","Duars Entertainment f/s/o Brytiago",51,64,46,"62023"
60,"spotify:track:6fGyrAxqgdvhzcOKlMQq5s","Kiddtetoon, Diego Smith, Ozuna","Illuminati - Remix","Deep Music",4,57,82,"61662"
61,"spotify:track:06s3QtMJVXw1AJX3UfvZG1","Anuel AA, Bad Bunny","Hasta Que Dios Diga","2020 Real Hasta La Muerte, LLC",1,61,242,"60702"
62,"spotify:track:7k4t7uLgtOxPwTpFmtJNTY","KAROL G, Nicki Minaj","Tusa","TUSA - Karol G & Nicki Minaj",1,53,445,"60511"
63,"spotify:track:3F5OoUJSVVC1f5PwOxcx0N","Anuel AA, Ozuna","RD","Real Hasta La Muerte LLC & Aura Music Corp.",55,63,4,"60269"
64,"spotify:track:14Ub5CX67F4si1R5UJxM43","Anuel AA, Ozuna","Nunca","Real Hasta La Muerte LLC & Aura Music Corp.",58,65,4,"60247"
65,"spotify:track:69vlMrzHwATKzupwNcUPyK","Bad Bunny, Daddy Yankee","La Santa","Rimas Entertainment LLC",3,62,332,"58283"
66,"spotify:track:3pnpENd2PXAKuetjLIylEr","Arcángel, Justin Quiles, Eladio Carrion, De La Ghetto","Tussi","Rimas Entertainment LLC.",22,66,128,"55455"
67,"spotify:track:1U8Ta5gcm2xhma1FQS2bKV","Anuel AA, Ozuna","Dime Tú","Real Hasta La Muerte LLC & Aura Music Corp.",56,72,4,"53886"
68,"spotify:track:7gwwt1IaAWwmB7af0AcuBM","Harry Nach","Tak Tiki Tak","Sony Music Entertainment Chile S.A",7,68,370,"53465"
69,"spotify:track:69Y5IZuBvGyzySFt5x7kCq","Piso 21, Maluma","Más De La Una","WM Mexico",63,70,51,"53232"
70,"spotify:track:67jvGGbJmOmVonlyX3mNkV","Ozuna, KAROL G, Myke Towers","Caramelo - Remix","Aura Music Corp.",10,69,161,"53028"
71,"spotify:track:2DEZmgHKAvm41k4J3R2E9Y","Bad Bunny, Jowell & Randy, Ñengo Flow","Safaera","Rimas Entertainment LLC",1,67,331,"51116"
72,"spotify:track:0jT8Nl0shPS8115is0wD2Q","Camilo","Favorito","Sony Music Latin",3,71,305,"50614"
73,"spotify:track:4r9jkMEnArtWGH2rL2FZl0","Bad Bunny","A Tu Merced","Rimas Entertainment LLC",9,74,331,"49999"
74,"spotify:track:5stPVcRqb4qixbafP9e8lt","Dalex, Lenny Tavárez, Chencho Corleone, Juhn, Dímelo Flow","Hola - Remix","Rich Music",2,75,452,"49929"
75,"spotify:track:2vBET2pmrQqafaS6zIaYta","Black Eyed Peas, Shakira","GIRL LIKE ME","Epic",67,73,47,"49019"
76,"spotify:track:6NfrH0ANGmgBXyxgV2PeXt","Bad Bunny","La Difícil","Rimas Entertainment LLC",1,77,332,"48694"
77,"spotify:track:57Ba26w9eoXx8BBUNgRNLV","Super Yei, Sammy Baby, Jone Quest, Myke Towers, Lenny Tavárez, Rafa Pabön","La Forma en Que Me Miras","2020 Superiority | Powered by GLAD EMPIRE, LLC",33,80,897,"46474"
78,"spotify:track:6UelLqGlWMcVH1E5c4H7lY","Harry Styles","Watermelon Sugar","Columbia",51,79,261,"46313"
79,"spotify:track:0S9ZVNTNRzLMgb96tmmG1u","Rauw Alejandro","Enchule","Sony Music Latin/Duars Entertainment",28,82,128,"45631"
80,"spotify:track:1pqnQ41XbfKjaFu6M0eGJp","Tainy, J Balvin","Agua (with J Balvin)","NEON16/Interscope Records",6,76,200,"45378"
81,"spotify:track:38RIEav39FGi86jppxO0du","Bad Bunny, Sech","Ignorantes","Rimas Entertainment LLC",1,83,347,"45136"
82,"spotify:track:3dEtfTtCXWW7N8WQ9FD29z","Lyanno, Rauw Alejandro, Lenny Tavárez, Maria Becerra","En Tu Cuerpo - Remix","Rimas Entertainment LLC",78,97,142,"44891"
83,"spotify:track:3PfIrDoz19wz7qK7tYeu62","Dua Lipa","Don't Start Now","Warner Records",20,91,451,"44347"
84,"spotify:track:5EbtodsuLbxrFDH6j5avVS","Camilo, Pablo Alborán","El Mismo Aire - con Pablo Alborán","Sony Music Latin",25,96,229,"43093"
85,"spotify:track:2n7ohqg1s68ToAHh4u9mcW","Bad Bunny","Vete","Rimas Entertainment LLC",1,87,431,"43035"
86,"spotify:track:50ZC4PM7hywH27RcCfViau","Rauw Alejandro, Dalex, Lenny Tavárez, Dímelo Flow","Elegí (feat. Dímelo Flow)","Sony Music Latin",3,89,305,"42901"
87,"spotify:track:7IrHrOQnhaHDDfZoraPVhb","Anuel AA, Ozuna","Perreo","Real Hasta La Muerte LLC & Aura Music Corp.",67,85,4,"42893"
88,"spotify:track:4R8BJggjosTswLxtkw8V7P","JHAYCO, J Balvin, Bad Bunny","No Me Conoce - Remix","N&E Entertainment LLC",2,84,620,"42882"
89,"spotify:track:13Tbv4nflNxg9kYBIbJnd9","Rauw Alejandro","Dile a El","Sony Music Latin/Duars Entertainment",78,94,68,"42862"
90,"spotify:track:5J7teKIJGtqVypgYI6sqXj","Bad Bunny, Mora","Una Vez","Rimas Entertainment LLC",15,92,330,"42633"
91,"spotify:track:74j34STf8L6uADnTN69ohv","Rauw Alejandro, Chencho Corleone, KEVVO, Bryant Myers, Lyanno, Dalex","El Efecto - Remix","(SME US Latin) Duars Entertainment, Corp. (2)",10,90,410,"42412"
92,"spotify:track:41wtwzCZkXwpnakmwJ239F","Bad Bunny","Si Veo a Tu Mamá","Rimas Entertainment LLC",4,86,331,"42278"
93,"spotify:track:0SqqAgdovOE24BzxIClpjw","Bad Bunny","Yo Perreo Sola","Rimas Entertainment LLC",2,81,332,"41937"
94,"spotify:track:6yVkakCN460KOVol9ZazjH","Anuel AA","Reggaetonera","2020 Real Hasta La Muerte, LLC",2,88,242,"41671"
95,"spotify:track:1tu5h5BU2WWrGH407kU0pe","Anuel AA, Ozuna","La Maria","Real Hasta La Muerte LLC & Aura Music Corp.",81,106,4,"41322"
96,"spotify:track:7MoZgM6AsQaZw14WnKopuy","Ovy On The Drums, Danny Ocean, KAROL G","Miedito o Qué? (feat. KAROL G)","WEA Latina",90,95,47,"41233"
97,"spotify:track:34LI7rwi9H8w2S5KTHnv1M","Manuel Turizo","Quiéreme Mientras Se Pueda","Sony Music Latin/La Industria",50,100,270,"40910"
98,"spotify:track:19OXtYzrJyCrQvTbfukt4H","Maluma, Myke Towers","Madrid (feat. Myke Towers)","Sony Music Latin",17,98,158,"40611"
99,"spotify:track:56Ta1O7Jxxpjnc6cWdDKUo","Reik, Farruko, Camilo","Si Me Dices Que Sí","Sony Music México",42,103,339,"40528"
100,"spotify:track:0cRgJuB6TRtb5RZ2HkjSLh","Jowell & Randy, J Balvin","Anaranjado","Rimas Entertainment LLC.",22,99,193,"40330"
101,"spotify:track:0psS4i5YooJrXfDnGvWRLi","Billie Eilish, ROSALÍA","Lo Vas A Olvidar (with ROSALÍA)","Columbia",64,93,5,"39857"
102,"spotify:track:3JHpk0DOTOzyh0777JFAky","Myke Towers","Diosa","2020 One World Music & Casablanca Records | Powered by GLAD Empire, LL",7,108,368,"39433"
103,"spotify:track:35mvY5S1H3J2QZyna3TFe0","Ariana Grande","positions","Republic Records",51,112,94,"39218"
104,"spotify:track:7sQKy5vlPQllr0k9IjYJv3","Arcángel, Sech, Dímelo Flow","Sigues Con El","Rimas Entertainment LLC.",2,107,410,"38909"
105,"spotify:track:35wvL50xvKpCHEJPxLOLPI","Bad Bunny","Si Estuviésemos Juntos","Rimas Entertainment LLC",7,110,760,"38541"
106,"spotify:track:5QO79kh1waicV47BqGRL3g","The Weeknd","Save Your Tears","Republic Records",98,122,18,"38336"
107,"spotify:track:0fea68AdmYNygeTGI4RC18","J Balvin, Bad Bunny","LA CANCIÓN","Universal Music Latino / Rimas",4,105,577,"38108"
108,"spotify:track:5cpJFiNwYyWwFLH0V6B3N8","Ozuna, Doja Cat, Sia","Del Mar","Aura Music Corp.",63,117,137,"37741"
109,"spotify:track:59nnGpAU3AiL2tD0o2It11","KHEA, NATTI NATASHA, Prince Royce, Lenny Santos","Ayer Me Llamó Mi Ex (Remix)","Young Flex - Khea",44,114,81,"37679"
110,"spotify:track:1rgnBhdG2JDFTbYkYRZAku","Tones And I","Dance Monkey","Elektra (NEK)",4,109,475,"37572"
111,"spotify:track:0KkIkfsLEJbrcIhYsCL7L5","Anuel AA, Daddy Yankee, KAROL G, Ozuna, J Balvin","China","2020 Real Hasta La Muerte, LLC",1,104,556,"36991"
112,"spotify:track:0lCHRVlRZCEyLj3Gkc1nv1","El Alfa, Chencho Corleone, Farruko, Justin Quiles, Myke Towers","Singapur (Remix)","El Jefe Records",72,102,39,"36696"
113,"spotify:track:6qbZl7ue25zwRn5oQ6DeNJ","Drago200, Pablo Chill-E, Ak4:20","No Está Interesada","Nabru Records LLC",98,121,107,"36502"
114,"spotify:track:4gChz67rTHfVzKCZAHsifM","Farruko, Sech, Myke Towers, Jay Wheeler, Tempo","La Tóxica (feat. Jay Wheeler & Tempo) - Remix","Sony Music Latin",31,113,96,"36495"
115,"spotify:track:4saklk6nie3yiGePpBwUoc","BTS","Dynamite","BIGHIT MUSIC",16,123,157,"36429"
116,"spotify:track:6qmi7bapPoaIr0riLzoo29","Arcángel, De La Ghetto, Yaga & Mackie","Aparentemente 2","Rimas Entertainment LLC.",18,116,102,"36378"
117,"spotify:track:1bRpSCFv6P2OUhciByeRYR","Alex Rose, Rafa Pabön","Jangueo","Los Oidos Fresh/ Los Proximos",13,111,429,"36131"
118,"spotify:track:7uoFMmxln0GPXQ0AcCBXRq","Sia","Snowman","Monkey Puzzle/Atlantic",103,120,36,"35528"
119,"spotify:track:3ZG8N7aWw2meb6UrI5ZmnZ","Sech","Relación","Rich Music",3,118,299,"35519"
120,"spotify:track:5cBrOhKDyiJF9bPGUHKkG0","Dalex","+Linda","Rich Music",22,128,246,"35410"
121,"spotify:track:5fROvzNghPid8mbKNDYvpJ","Bad Bunny","YO VISTO ASÍ","Rimas Entertainment LLC",6,129,60,"35263"
122,"spotify:track:6UlIGL6Nv5KKTNH2c6vYTP","Anuel AA, Ozuna","Perfecto","Real Hasta La Muerte LLC & Aura Music Corp.",75,124,4,"34625"
123,"spotify:track:2TH65lNHgvLxCKXM3apjxI","Bad Bunny, Tainy","Callaita","Rimas Entertainment LLC",1,115,605,"34592"
124,"spotify:track:3jbT1Y5MoPwEIpZndDDwVq","Tainy, Anuel AA, Ozuna","Adicto (with Anuel AA & Ozuna)","NEON16/Interscope Records",1,125,521,"34359"
125,"spotify:track:27uAea0qcUz3a7jKnAT7KG","Santaferia","Algún Día Volverás","Santaferia",20,78,921,"34255"
126,"spotify:track:4J1Xxrqi4YEhclPzYbvo6V","Lenny Tavárez","La Neta","WEA Latina",126,142,9,"34105"
127,"spotify:track:5nujrmhLynf4yMoMtj8AQF","Dua Lipa, DaBaby","Levitating (feat. DaBaby)","Warner Records",113,140,88,"33784"
128,"spotify:track:6Im9k8u9iIzKMrmV7BWtlF","Ariana Grande","34+35","Republic Records",85,133,75,"33601"
129,"spotify:track:0j1VxrPkMyFGvz0jZzxUoZ","Yandel, Rauw Alejandro","Dembow 2020","La Leyenda LLC",15,130,179,"32873"
130,"spotify:track:0pgj4EzB1XRqgZemoMNG5D","Camilo, Evaluna Montaner","Por Primera Vez","Sony Music Latin",24,135,319,"32830"
131,"spotify:track:380HmhwTE2NJgawn1NwkXi","J Balvin","Rojo","UMLE - Latino",8,127,333,"32748"
132,"spotify:track:22NqmIHKn0kd8CCFql4ZG4","Anuel AA, Ozuna","Contra el Mundo","Real Hasta La Muerte LLC & Aura Music Corp.",72,132,4,"32597"
133,"spotify:track:1JSTJqkT5qHq8MDJnJbRE1","The Police","Every Breath You Take","Polydor Records",116,119,434,"32516"
134,"spotify:track:3KJ3opyV29269SXkPrc19l","Bad Bunny","120","Rimas Entertainment LLC",14,138,59,"32432"
135,"spotify:track:2BxzmBb2uqwnpyVuJqIIV9","Lunay, Beéle","Victoria","round2media - LaFamilia",79,137,127,"32394"
136,"spotify:track:43NqTeL8pgBxKHPMiJKUP5","Myke Towers","Girl","2020 One World Music & Casablanca Records | Powered by GLAD Empire, LL",4,136,366,"32323"
137,"spotify:track:4K8cyoCDovlc4FvtUr2Hfx","Cali Y El Dandee, Danna Paola","Nada","Cali y El Dandee PS",61,148,150,"32054"
138,"spotify:track:13vDU8nPsvTGEVTMB8Vw7g","Aya Nakamura, Maluma","Djadja (feat. Maluma) - Remix","Rec. 118",13,131,224,"31954"
139,"spotify:track:5xwjEzvJ2OSdnHlzusKNYA","Feid, Sky Rompiendo","CHIMBITA","Universal Music Latino",136,141,4,"31759"
140,"spotify:track:4YqeXl57vJDYuEdcOL1vRD","Zion & Lennox, Myke Towers","No Me Llama","WEA Latina",92,143,52,"31655"
141,"spotify:track:7oySelE0Cb5q1TBBSPZJT2","Migrantes, Oscu, Rombai, Agapornis, Alico, Nico Valdi","Si Me Tomo una Cerveza - Remix","LEB Records",114,126,16,"31500"
142,"spotify:track:3OXxCquI8i14EigwILaLx9","Maria Becerra, Cazzu","Animal","300 Entertainment",128,149,7,"30958"
143,"spotify:track:6C6mUonH6MNdSg5pw7kOc9","KHEA, Lenny Santos","Ayer Me Llamó Mi Ex","Young Flex - Khea",13,144,157,"30807"
144,"spotify:track:0wkr4KqObqC55h4U9wqwKn","Ozuna, Daddy Yankee","No Se Da Cuenta","Aura Music Corp.",40,147,143,"30761"
145,"spotify:track:7AUhck1sPy11OExQmDDx4P","Daddy Yankee, Marc Anthony","De Vuelta Pa' La Vuelta","El Cartel Records",102,134,45,"30750"
146,"spotify:track:7lUdbnz7wsv3C9zzf4WHl9","Feid, J Balvin, Maluma, Nicky Jam, Sech, Justin Quiles","PORFA Remix ( Feat. Maluma, Nicky Jam, Sech) - Remix","JP Entertainment (Jorge Pino)",15,146,213,"30533"
147,"spotify:track:0TUW9faHNaBmi89wsYGp9y","Trueno, Nicki Nicole, Bizarrap, Taiu, TATOOL","Mamichula - con Nicki Nicole","NEUEN",9,157,185,"30039"
148,"spotify:track:7EUvcSFkyVB73zrblhQmEL","Jeeiph","Bonita","Play Music",125,158,93,"30020"
149,"spotify:track:2mMZAd3ol9wGI2WJl4XJCF","Nicki Nicole, Dread Mar I, Bizarrap","Verte","Sony Music Latin/DALE PLAY Records",98,150,44,"30013"
150,"spotify:track:7FhopXtl9z9YtD9NwUf9ss","NATTI NATASHA, Justin Quiles, Miky Woodz","Qué Mal Te Fue (Remix)","Pina Records",75,156,108,"29698"
151,"spotify:track:1RdQkmD04McqnaiN76PohD","Flor De Rap, Denise Rosenthal","Báilalo Mujer","La Oreja",132,151,4,"29635"
152,"spotify:track:5DoLhdU27owX1NMrKLUbUl","Super Yei, Sammy, Jone Quest, Towy, Osquel, Beltito, Sammy & Falsetto","Lean","Superiority",32,139,198,"29631"
153,"spotify:track:0tjZv2hChdHZCW1zFXpy1J","Bad Bunny","HOY COBRÉ","Rimas Entertainment LLC",7,165,59,"29290"
154,"spotify:track:4j4w4CXm6BSr0s25wAWrrX","Bad Bunny, Yaviah","Bichiyal","Rimas Entertainment LLC",9,145,328,"29159"
155,"spotify:track:5H0NnVnY1a7BguEmVTPQOR","ADSO","Como Si Nada","AGC Management LLC",134,160,48,"29006"
156,"spotify:track:6mAN61JH0dzyZpWslS11jy","Rauw Alejandro, Farruko","Fantasias","(SME US Latin) Duars Entertainment, Corp. (2)",1,154,513,"28791"
157,"spotify:track:23XjN1s3DZC8Q9ZwuorYY4","Bad Bunny","TE DESEO LO MEJOR","Rimas Entertainment LLC",5,178,59,"28697"
158,"spotify:track:67ACYA3UI6QMNtHX6b34wX","Bad Bunny","LA DROGA","Rimas Entertainment LLC",10,166,59,"28668"
159,"spotify:track:5bQ9rtAfOUbPmuxjPK8zDp","Rauw Alejandro","Perreo Pesau'","Sony Music Latin/Duars Entertainment",140,159,43,"28599"
160,"spotify:track:4TOmcZvw0gHa7GiXRbcYAW","Feid, Justin Quiles","PORFA","JP Entertainment (Jorge Pino)",4,155,375,"28446"
161,"spotify:track:017PF4Q3l4DBUiWoXk4OWT","Dua Lipa","Break My Heart","Warner Records",49,175,302,"28184"
162,"spotify:track:47ZS1OjnJpJVfGN9yHXfMn","Alex Rose, Rauw Alejandro, Lenny Tavárez, Cazzu, Lyanno","Toda (Remix)","Los Oídos Fresh",8,168,470,"28006"
163,"spotify:track:3pm4XtcsRIFFtH2UErk62R","Yandel, Bad Bunny","CANCIÓN CON YANDEL","Rimas Entertainment LLC",4,173,258,"27896"
164,"spotify:track:0HC6S4VpCGAZvyxTdrMRIQ","Selena Gomez","De Una Vez","Selena Gomez Latin Project",50,174,11,"27798"
165,"spotify:track:3cUE3p7E39CzGjQoEsg7sM","Santaferia","EL Gil De Tu Ex","Santaferia",21,101,1271,"27677"
166,"spotify:track:1Ol5LmdNDNpFu1oNwfgkux","Camilo, Pedro Capó","Tutu","Sony Music Latin",6,161,532,"27617"
167,"spotify:track:3jjujdWJ72nww5eGnfs2E7","Harry Styles","Adore You","Columbia",85,184,337,"27424"
168,"spotify:track:6eTCWWKBtnJI9Ui9OlLEyO","Movimiento Original, Nanpa Básico","Verte Cerquita","Movimiento Original",151,177,62,"27251"
169,"spotify:track:5dMIs7Y3DUtQU206zbXiL3","Victor La Voz, Jairo Vera, Adan La Amenaza, King Savagge, Bayron Fire","Envidioso Remix","Punto Music",156,167,20,"27232"
170,"spotify:track:7C2RvtNZvxPdol2JXAdxVK","Mora, JHAYCO","Pegate - Remix","Rimas Entertainment LLC",80,176,101,"26815"
171,"spotify:track:5jZ32WOU7sqzDYbzINwMUk","Bad Bunny, ABRA","SORRY PAPI","Rimas Entertainment LLC",15,187,59,"26773"
172,"spotify:track:411nmd0QMzty1UjCWSo3rc","Danna Paola, Sebastian Yatra","No Bailes Sola","Universal Music Mexico",60,183,189,"26621"
173,"spotify:track:0G0R3pEyrm1RbYJ7fhTX0X","Ak4:20, Pandilla Records","Top Quality","Pandilla Records",161,-1,13,"26185"
174,"spotify:track:0GzuHFG4Ql6DoyxFRnIk3F","Maluma, The Weeknd","Hawái - Remix","Sony Music Latin",26,170,81,"26071"
175,"spotify:track:1vucS7X4otbyQSZ9RXYXFI","NATTI NATASHA, Prince Royce","ANTES QUE SALGA EL SOL","Sony Music Latin",168,188,9,"26003"
176,"spotify:track:2Oycxb8QbPkpHTo8ZrmG0B","Miley Cyrus, Dua Lipa","Prisoner (feat. Dua Lipa)","RCA Records Label",78,-1,62,"25832"
177,"spotify:track:45S5WTQEGOB1VHr1Q4FuPl","Harry Styles","Golden","Columbia",85,192,90,"25810"
178,"spotify:track:7kjEqI6eZ7YlFrGhxixnlN","Bad Bunny","ANTES QUE SE ACABE","Rimas Entertainment LLC",12,196,59,"25775"
179,"spotify:track:6G4U9avyBNEfP0fAIduev3","Aventura, Don Omar","Ella Y Yo - Featuring Don Omar","Premium Latin Music",119,152,548,"25738"
180,"spotify:track:4QfZYDhGZc0T2RDvGiI69E","El Alfa, Chael Produciendo","Singapur","EL JEFE RECORDS LLC",17,162,221,"25708"
181,"spotify:track:56f5qnyAlZdlz8wrUDA50h","Mau y Ricky, Manuel Turizo, Camilo","Desconocidos","Sony Music Latin",9,182,828,"25695"
182,"spotify:track:059bcIhyc2SBwm6sw2AZzd","Piso 21, Micro TDH","Te Vi","WM Mexico",17,193,763,"25633"
183,"spotify:track:25sABKLz4zfMLQIWLqzIOe","Ak4:20","Ella Se Arrebata","AK4:20",157,191,42,"25463"
184,"spotify:track:5vdp5UmvTsnMEMESIF2Ym7","Queen","Another One Bites The Dust - Remastered 2011","EMI",42,164,509,"25372"
185,"spotify:track:0eeKDrQxjqNl5bX5VCHDcn","Justin Quiles, Daddy Yankee, El Alfa","PAM","WEA Latina",50,179,267,"25333"
186,"spotify:track:6ifUES3keWjwXgae8pXI3o","Danny Ocean","Me Rehúso","Atlantic Records",1,172,1398,"25275"
187,"spotify:track:3tjFYV6RSFtuktYl3ZtYcq","24kGoldn, iann dior","Mood (feat. iann dior)","Records/Columbia",116,190,107,"25271"
188,"spotify:track:01SMtfSbJlcxUdJvOofMOx","Dalex, Lenny Tavárez, iZaak, Dímelo Flow","Jockey","Rich Music",100,195,93,"25139"
189,"spotify:track:60ynsPSSKe6O3sfwRnIBRf","Doja Cat","Streets","Kemosabe Records/RCA Records",189,-1,1,"25059"
190,"spotify:track:2dy3TKVDEbIeWxeIb8JWqZ","NATTI NATASHA, Romeo Santos","La Mejor Versión de Mi - Remix","Pina Records",86,-1,474,"24860"
191,"spotify:track:3yoDVeVWIPSuH1IolXKA0X","Arcángel, Sech","Amantes y Amigos","Rimas Entertainment LLC.",30,-1,113,"24819"
192,"spotify:track:7H8Ur2MhVFV36n8RGeEmwO","Ak4:20, Polimá Westcoast, Julianno Sosa","Dile Dile Remix","NextLevel",146,-1,42,"24811"
193,"spotify:track:4xI3U4sDj1TPmO9Iz5TkYp","El Alfa, Darell, Noriel","4K","EL JEFE RECORDS LLC",38,169,319,"24740"
194,"spotify:track:2QjOHCTQ1Jl3zawyYOpxh6","The Neighbourhood","Sweater Weather","Columbia",175,198,21,"24717"
195,"spotify:track:6K5BsR04ijf3FHNzjbaagD","Myke Towers, Farruko, Arcángel, Sech, Zion","Si Se Da - Remix","2019 Casablanca Records & One World Music | Distributed by GLAD Empire",5,200,537,"24656"
196,"spotify:track:442FV16HuyEMgy7auT88hB","Jay Wheeler","Te Soñé","2019 UMS Music & Dynamic Records | Distributed by GLAD Empire, LLC",169,-1,20,"24637"
197,"spotify:track:4z9b9AbzCw32Azqg8uJ0B6","CNCO","Tan Enamorados","Sony Music Latin",178,-1,16,"24369"
198,"spotify:track:1dFvzd0wivuzxU2BLcEynb","Wisin, Ozuna, Reik, Los Legendarios, Miky Woodz","No Me Acostumbro","La Base Music Group/ WK Records",124,-1,50,"24357"
199,"spotify:track:4u7EnebtmKWzUH433cf5Qv","Queen","Bohemian Rhapsody - Remastered 2011","EMI",26,171,856,"24233"
200,"spotify:track:0zLCBJZSiELJf02ucPP9wb","SAINt JHN, Imanbek","Roses - Imanbek Remix","Columbia/B1 Recordings",51,-1,277,"24212"
